freq,V(vco_out)
0,1.183376e-06
1250000,1.405612e-06
2500000,1.762664e-06
3750000,1.221551e-06
5000000,1.907218e-06
6250000,1.990828e-06
7500000,2.097878e-06
8750000,1.933062e-06
10000000,1.625471e-06
11250000,1.256513e-06
12500000,1.709693e-06
13750000,1.578408e-06
15000000,1.412601e-06
16250000,1.878805e-06
17500000,1.461014e-06
18750000,1.483855e-06
20000000,1.390985e-06
21250000,2.408238e-06
22500000,1.575705e-06
23750000,1.124957e-06
25000000,1.764267e-06
26250000,1.393175e-06
27500000,1.730129e-06
28750000,1.401073e-06
30000000,1.360077e-06
31250000,1.880153e-06
32500000,2.155557e-06
33750000,1.737481e-06
35000000,1.355224e-06
36250000,1.148417e-06
37500000,1.381734e-06
38750000,1.826874e-06
40000000,1.915237e-06
41250000,1.486156e-06
42500000,1.496661e-06
43750000,2.599532e-06
45000000,2.017268e-06
46250000,3.004350e-06
47500000,1.561461e-06
48750000,1.603335e-06
50000000,2.605649e-06
51250000,2.176671e-06
52500000,2.478338e-06
53750000,2.712183e-06
55000000,2.072952e-06
56250000,2.243387e-06
57500000,2.519705e-06
58750000,2.041536e-06
60000000,2.591655e-06
61250000,2.398992e-06
62500000,2.031203e-06
63750000,2.453828e-06
65000000,2.532635e-06
66250000,2.748646e-06
67500000,2.928976e-06
68750000,3.025750e-06
70000000,2.792845e-06
71250000,3.040681e-06
72500000,3.070404e-06
73750000,4.001780e-06
75000000,4.100948e-06
76250000,3.965554e-06
77500000,4.530943e-06
78750000,5.454066e-06
80000000,5.881014e-06
81250000,5.244254e-06
82500000,7.205710e-06
83750000,7.354942e-06
85000000,9.117200e-06
86250000,9.587377e-06
87500000,1.121900e-05
88750000,1.359342e-05
90000000,1.652757e-05
91250000,2.143013e-05
92500000,2.802507e-05
93750000,3.820201e-05
95000000,5.638402e-05
96250000,9.080997e-05
97500000,1.626506e-04
98750000,3.115989e-04
100000000,4.486675e-04
101250000,3.107215e-04
102500000,1.623449e-04
103750000,9.115487e-05
105000000,5.615224e-05
106250000,3.856544e-05
107500000,2.788980e-05
108750000,2.122924e-05
110000000,1.764126e-05
111250000,1.451184e-05
112500000,1.136823e-05
113750000,9.759563e-06
115000000,8.337614e-06
116250000,7.732993e-06
117500000,6.804133e-06
118750000,5.628678e-06
120000000,5.740742e-06
121250000,4.931078e-06
122500000,4.663051e-06
123750000,3.612103e-06
125000000,3.746122e-06
126250000,3.460949e-06
127500000,3.559503e-06
128750000,2.924878e-06
130000000,3.840858e-06
131250000,3.760788e-06
132500000,3.444067e-06
133750000,3.471431e-06
135000000,2.635184e-06
136250000,2.447011e-06
137500000,2.577381e-06
138750000,2.922442e-06
140000000,3.145468e-06
141250000,1.983827e-06
142500000,1.751248e-06
143750000,1.769670e-06
145000000,2.652142e-06
146250000,2.667926e-06
147500000,2.487881e-06
148750000,2.009039e-06
150000000,2.302916e-06
151250000,2.069424e-06
152500000,2.134844e-06
153750000,2.148818e-06
155000000,1.437511e-06
156250000,2.132243e-06
157500000,2.218632e-06
158750000,2.115145e-06
160000000,2.693519e-06
161250000,2.147838e-06
162500000,1.629502e-06
163750000,1.961025e-06
165000000,1.758377e-06
166250000,1.504669e-06
167500000,1.747765e-06
168750000,1.656963e-06
170000000,2.092520e-06
171250000,1.696963e-06
172500000,2.334852e-06
173750000,1.977259e-06
175000000,1.760405e-06
176250000,2.772063e-06
177500000,1.214629e-06
178750000,1.445770e-06
180000000,1.620012e-06
181250000,1.363243e-06
182500000,2.068348e-06
183750000,1.853784e-06
185000000,1.663419e-06
186250000,1.196377e-06
187500000,1.685919e-06
188750000,1.320488e-06
190000000,2.540456e-06
191250000,1.422084e-06
192500000,1.179765e-06
193750000,1.187471e-06
195000000,1.278124e-06
196250000,1.295946e-06
197500000,1.548180e-06
198750000,1.996631e-06
200000000,2.279939e-06
201250000,1.782615e-06
202500000,1.041699e-06
203750000,1.294624e-06
205000000,2.597716e-06
206250000,2.955943e-06
207500000,1.435533e-06
208750000,2.371433e-06
210000000,1.131057e-06
211250000,1.380319e-06
212500000,1.501663e-06
213750000,2.230260e-06
215000000,1.813292e-06
216250000,1.949684e-06
217500000,1.533672e-06
218750000,2.404405e-06
220000000,1.601013e-06
221250000,1.409262e-06
222500000,1.629968e-06
223750000,1.518499e-06
225000000,1.952353e-06
226250000,1.709202e-06
227500000,2.455356e-06
228750000,2.186902e-06
230000000,1.182526e-06
231250000,1.582904e-06
232500000,9.821339e-07
233750000,1.125381e-06
235000000,2.281407e-06
236250000,1.644924e-06
237500000,2.499560e-06
238750000,1.788843e-06
240000000,1.963456e-06
241250000,1.460889e-06
242500000,1.480907e-06
243750000,1.396534e-06
245000000,1.447404e-06
246250000,2.349622e-06
247500000,2.016200e-06
248750000,1.988227e-06
250000000,1.868854e-06
251250000,1.091630e-06
252500000,2.803852e-06
253750000,1.564824e-06
255000000,2.067351e-06
256250000,1.559353e-06
257500000,2.236376e-06
258750000,9.841392e-07
260000000,2.025171e-06
261250000,2.040901e-06
262500000,2.332909e-06
263750000,1.095097e-06
265000000,2.595109e-06
266250000,1.888386e-06
267500000,2.356427e-06
268750000,2.687213e-06
270000000,1.276225e-06
271250000,1.694602e-06
272500000,1.793110e-06
273750000,2.000297e-06
275000000,1.582782e-06
276250000,2.281160e-06
277500000,1.549208e-06
278750000,1.385319e-06
280000000,2.009094e-06
281250000,1.587551e-06
282500000,2.014004e-06
283750000,1.086950e-06
285000000,2.315262e-06
286250000,1.181368e-06
287500000,1.982741e-06
288750000,1.215787e-06
290000000,9.689144e-07
291250000,2.305781e-06
292500000,1.212022e-06
293750000,1.163707e-06
295000000,1.079110e-06
296250000,9.796751e-07
297500000,2.960990e-06
298750000,1.582411e-06
300000000,1.236821e-06
301250000,1.892860e-06
302500000,1.554479e-06
303750000,1.779846e-06
305000000,2.026786e-06
306250000,2.598059e-06
307500000,1.134453e-06
308750000,1.730926e-06
310000000,1.328966e-06
311250000,2.215202e-06
312500000,1.607246e-06
313750000,1.365177e-06
315000000,1.703660e-06
316250000,1.596491e-06
317500000,1.742267e-06
318750000,2.225281e-06
320000000,1.799606e-06
321250000,1.898374e-06
322500000,1.286277e-06
323750000,1.876672e-06
325000000,2.171554e-06
326250000,1.185357e-06
327500000,1.492240e-06
328750000,1.838589e-06
330000000,1.505449e-06
331250000,1.469743e-06
332500000,2.543387e-06
333750000,2.022639e-06
335000000,2.466306e-06
336250000,2.013339e-06
337500000,1.423156e-06
338750000,1.254098e-06
340000000,1.107316e-06
341250000,2.157952e-06
342500000,1.148415e-06
343750000,2.467359e-06
345000000,1.533800e-06
346250000,2.291585e-06
347500000,2.239359e-06
348750000,1.795072e-06
350000000,1.007415e-06
351250000,2.077858e-06
352500000,2.674676e-06
353750000,2.155514e-06
355000000,2.666990e-06
356250000,1.712214e-06
357500000,2.120690e-06
358750000,2.364049e-06
360000000,1.840802e-06
361250000,1.334002e-06
362500000,1.830707e-06
363750000,2.051496e-06
365000000,1.869952e-06
366250000,1.309684e-06
367500000,1.664742e-06
368750000,2.094161e-06
370000000,2.135237e-06
371250000,1.383883e-06
372500000,9.956006e-07
373750000,1.601474e-06
375000000,1.768936e-06
376250000,1.488051e-06
377500000,1.779752e-06
378750000,1.396085e-06
380000000,2.126317e-06
381250000,1.473258e-06
382500000,2.049124e-06
383750000,1.425754e-06
385000000,2.335619e-06
386250000,1.831211e-06
387500000,2.326096e-06
388750000,2.664893e-06
390000000,1.271100e-06
391250000,1.836256e-06
392500000,1.999994e-06
393750000,1.912721e-06
395000000,1.437153e-06
396250000,1.648257e-06
397500000,1.613428e-06
398750000,1.993840e-06
400000000,1.185178e-06
401250000,1.633117e-06
402500000,1.849200e-06
403750000,1.999497e-06
405000000,1.353590e-06
406250000,1.546502e-06
407500000,1.385167e-06
408750000,1.191826e-06
410000000,1.241131e-06
411250000,2.352097e-06
412500000,1.937796e-06
413750000,1.456289e-06
415000000,1.315354e-06
416250000,1.788809e-06
417500000,1.837140e-06
418750000,1.546317e-06
420000000,1.542144e-06
421250000,1.167618e-06
422500000,1.797947e-06
423750000,1.111186e-06
425000000,2.475359e-06
426250000,1.911292e-06
427500000,2.186844e-06
428750000,2.653835e-06
430000000,2.688581e-06
431250000,1.227740e-06
432500000,1.639074e-06
433750000,1.206077e-06
435000000,2.282638e-06
436250000,1.738005e-06
437500000,1.401902e-06
438750000,1.431938e-06
440000000,1.583947e-06
441250000,2.442760e-06
442500000,1.956539e-06
443750000,2.158010e-06
445000000,2.228302e-06
446250000,1.226323e-06
447500000,2.575068e-06
448750000,1.482517e-06
450000000,1.394925e-06
451250000,1.808814e-06
452500000,1.451750e-06
453750000,1.410026e-06
455000000,1.310525e-06
456250000,1.732918e-06
457500000,1.646209e-06
458750000,1.851711e-06
460000000,1.731032e-06
461250000,1.693047e-06
462500000,2.202176e-06
463750000,1.356871e-06
465000000,1.160338e-06
466250000,2.570194e-06
467500000,1.092934e-06
468750000,1.843320e-06
470000000,2.391438e-06
471250000,1.842101e-06
472500000,2.775084e-06
473750000,2.034377e-06
475000000,2.042529e-06
476250000,1.160370e-06
477500000,1.123120e-06
478750000,1.693704e-06
480000000,1.933753e-06
481250000,2.242776e-06
482500000,1.885724e-06
483750000,1.596919e-06
485000000,2.570762e-06
486250000,1.672972e-06
487500000,2.587782e-06
488750000,2.402555e-06
490000000,1.792799e-06
491250000,1.593326e-06
492500000,1.671957e-06
493750000,1.945050e-06
495000000,1.649342e-06
496250000,1.836679e-06
497500000,2.512305e-06
498750000,2.943891e-06
500000000,1.319502e-06
501250000,1.098025e-06
502500000,2.086423e-06
503750000,1.773823e-06
505000000,1.741581e-06
506250000,1.948588e-06
507500000,1.814063e-06
508750000,1.507171e-06
510000000,1.460582e-06
511250000,2.176952e-06
512500000,1.285662e-06
513750000,2.910723e-06
515000000,1.477737e-06
516250000,1.707308e-06
517500000,1.785955e-06
518750000,1.334800e-06
520000000,2.832923e-06
521250000,1.219672e-06
522500000,1.541792e-06
523750000,2.061672e-06
525000000,1.948515e-06
526250000,1.282769e-06
527500000,1.722851e-06
528750000,1.794669e-06
530000000,2.130128e-06
531250000,1.495138e-06
532500000,2.100406e-06
533750000,1.390187e-06
535000000,1.871464e-06
536250000,2.947494e-06
537500000,1.410834e-06
538750000,1.992249e-06
540000000,1.618263e-06
541250000,1.422572e-06
542500000,2.356654e-06
543750000,2.107903e-06
545000000,1.331565e-06
546250000,2.251859e-06
547500000,1.893714e-06
548750000,2.487423e-06
550000000,2.181011e-06
551250000,1.879938e-06
552500000,2.237306e-06
553750000,2.109835e-06
555000000,1.531958e-06
556250000,1.932122e-06
557500000,1.881417e-06
558750000,2.014288e-06
560000000,1.762372e-06
561250000,1.928727e-06
562500000,2.100804e-06
563750000,2.027107e-06
565000000,1.947469e-06
566250000,1.982109e-06
567500000,1.918061e-06
568750000,1.213389e-06
570000000,3.752815e-06
571250000,2.569120e-06
572500000,1.717996e-06
573750000,2.337316e-06
575000000,2.866599e-06
576250000,2.919497e-06
577500000,1.961308e-06
578750000,2.958979e-06
580000000,1.613125e-06
581250000,2.772791e-06
582500000,1.175210e-06
583750000,2.432032e-06
585000000,1.938701e-06
586250000,2.529731e-06
587500000,2.006067e-06
588750000,1.501732e-06
590000000,1.814446e-06
591250000,1.409707e-06
592500000,2.281207e-06
593750000,1.525210e-06
595000000,1.272293e-06
596250000,1.609915e-06
597500000,2.636679e-06
598750000,2.072306e-06
600000000,1.326097e-06
601250000,2.023633e-06
602500000,1.505955e-06
603750000,3.272981e-06
605000000,1.441694e-06
606250000,1.934098e-06
607500000,1.607967e-06
608750000,2.198430e-06
610000000,2.347517e-06
611250000,2.425194e-06
612500000,1.595965e-06
613750000,2.118946e-06
615000000,1.992325e-06
616250000,2.262755e-06
617500000,1.510670e-06
618750000,3.171722e-06
620000000,1.349837e-06
621250000,2.695487e-06
622500000,1.523241e-06
623750000,2.551940e-06
625000000,2.289978e-06
626250000,1.454565e-06
627500000,3.025884e-06
628750000,2.652877e-06
630000000,1.283711e-06
631250000,2.304894e-06
632500000,2.236630e-06
633750000,1.646283e-06
635000000,2.496215e-06
636250000,2.914439e-06
637500000,1.538740e-06
638750000,1.914498e-06
640000000,2.601784e-06
641250000,2.504008e-06
642500000,2.025941e-06
643750000,1.629176e-06
645000000,1.251504e-06
646250000,1.938676e-06
647500000,1.659127e-06
648750000,1.400589e-06
650000000,1.886346e-06
651250000,2.264064e-06
652500000,2.290757e-06
653750000,1.816227e-06
655000000,1.332019e-06
656250000,2.086144e-06
657500000,1.862465e-06
658750000,1.911410e-06
660000000,2.222736e-06
661250000,1.335229e-06
662500000,2.360427e-06
663750000,1.925901e-06
665000000,1.818097e-06
666250000,2.944828e-06
667500000,2.450264e-06
668750000,1.207908e-06
670000000,1.600093e-06
671250000,2.057592e-06
672500000,1.796331e-06
673750000,1.864447e-06
675000000,1.777329e-06
676250000,1.840929e-06
677500000,2.092759e-06
678750000,1.747753e-06
680000000,2.417522e-06
681250000,2.483965e-06
682500000,2.138211e-06
683750000,1.906488e-06
685000000,2.750463e-06
686250000,2.236309e-06
687500000,2.356849e-06
688750000,2.293351e-06
690000000,2.025487e-06
691250000,2.533611e-06
692500000,2.591859e-06
693750000,1.789660e-06
695000000,2.159564e-06
696250000,3.707059e-06
697500000,2.053229e-06
698750000,2.184184e-06
700000000,2.479798e-06
701250000,1.875264e-06
702500000,1.655709e-06
703750000,1.633987e-06
705000000,1.477030e-06
706250000,1.526200e-06
707500000,2.156062e-06
708750000,1.711572e-06
710000000,1.944824e-06
711250000,2.529235e-06
712500000,2.063654e-06
713750000,2.318265e-06
715000000,2.042239e-06
716250000,2.842503e-06
717500000,1.692490e-06
718750000,2.288488e-06
720000000,1.494956e-06
721250000,2.605553e-06
722500000,1.933180e-06
723750000,2.241957e-06
725000000,1.637243e-06
726250000,2.675160e-06
727500000,1.828720e-06
728750000,2.974007e-06
730000000,1.821668e-06
731250000,2.581008e-06
732500000,2.828408e-06
733750000,2.620069e-06
735000000,2.909960e-06
736250000,1.773594e-06
737500000,1.567392e-06
738750000,2.019875e-06
740000000,1.847515e-06
741250000,2.091565e-06
742500000,2.122041e-06
743750000,2.440246e-06
745000000,2.248689e-06
746250000,1.925566e-06
747500000,2.187242e-06
748750000,2.451313e-06
750000000,2.065484e-06
751250000,2.743618e-06
752500000,2.562743e-06
753750000,2.138479e-06
755000000,3.520897e-06
756250000,1.783637e-06
757500000,3.224429e-06
758750000,1.688353e-06
760000000,2.426096e-06
761250000,1.986901e-06
762500000,2.383982e-06
763750000,2.502250e-06
765000000,1.440349e-06
766250000,2.274793e-06
767500000,2.232029e-06
768750000,2.071163e-06
770000000,2.494562e-06
771250000,2.178724e-06
772500000,1.854443e-06
773750000,1.558279e-06
775000000,3.048945e-06
776250000,2.692011e-06
777500000,1.838637e-06
778750000,2.842568e-06
780000000,2.171350e-06
781250000,2.703320e-06
782500000,2.294381e-06
783750000,3.068516e-06
785000000,1.924652e-06
786250000,2.999765e-06
787500000,3.232190e-06
788750000,3.020009e-06
790000000,2.204059e-06
791250000,1.437337e-06
792500000,2.266023e-06
793750000,3.223407e-06
795000000,2.240071e-06
796250000,2.033436e-06
797500000,2.554600e-06
798750000,2.373017e-06
800000000,1.786312e-06
801250000,2.576628e-06
802500000,2.275825e-06
803750000,2.901124e-06
805000000,1.680567e-06
806250000,1.656834e-06
807500000,2.089187e-06
808750000,2.805558e-06
810000000,3.420395e-06
811250000,2.298402e-06
812500000,2.131841e-06
813750000,3.211772e-06
815000000,2.830604e-06
816250000,2.165925e-06
817500000,2.813125e-06
818750000,2.441671e-06
820000000,2.206529e-06
821250000,2.506986e-06
822500000,2.493282e-06
823750000,2.291940e-06
825000000,2.339641e-06
826250000,2.105668e-06
827500000,2.081264e-06
828750000,2.001074e-06
830000000,1.625794e-06
831250000,3.494063e-06
832500000,2.475271e-06
833750000,2.185507e-06
835000000,1.943292e-06
836250000,2.575582e-06
837500000,2.261469e-06
838750000,2.786799e-06
840000000,2.094336e-06
841250000,3.004428e-06
842500000,1.868921e-06
843750000,3.081309e-06
845000000,1.905435e-06
846250000,1.989581e-06
847500000,1.557531e-06
848750000,2.370216e-06
850000000,2.204151e-06
851250000,2.961270e-06
852500000,1.563412e-06
853750000,3.216049e-06
855000000,2.695266e-06
856250000,2.062246e-06
857500000,1.672294e-06
858750000,2.246525e-06
860000000,2.084308e-06
861250000,2.952956e-06
862500000,2.157459e-06
863750000,3.124959e-06
865000000,2.803384e-06
866250000,2.578894e-06
867500000,1.935970e-06
868750000,2.250019e-06
870000000,1.938760e-06
871250000,2.392841e-06
872500000,2.437206e-06
873750000,2.551541e-06
875000000,1.920664e-06
876250000,3.290632e-06
877500000,2.553452e-06
878750000,2.359521e-06
880000000,1.981614e-06
881250000,2.377017e-06
882500000,1.685838e-06
883750000,2.032112e-06
885000000,2.182954e-06
886250000,2.285229e-06
887500000,3.128848e-06
888750000,2.031134e-06
890000000,2.081149e-06
891250000,2.285863e-06
892500000,2.833078e-06
893750000,2.295481e-06
895000000,2.347969e-06
896250000,2.398980e-06
897500000,1.891157e-06
898750000,2.530479e-06
900000000,1.910957e-06
901250000,2.383527e-06
902500000,2.483310e-06
903750000,3.044737e-06
905000000,2.317835e-06
906250000,2.395784e-06
907500000,2.361924e-06
908750000,2.114122e-06
910000000,2.074281e-06
911250000,1.690590e-06
912500000,4.007469e-06
913750000,2.226834e-06
915000000,2.682193e-06
916250000,2.669804e-06
917500000,2.747116e-06
918750000,2.364293e-06
920000000,2.235740e-06
921250000,2.074921e-06
922500000,2.882991e-06
923750000,1.849711e-06
925000000,1.984905e-06
926250000,2.177073e-06
927500000,2.603443e-06
928750000,2.099463e-06
930000000,2.915137e-06
931250000,2.861350e-06
932500000,2.478038e-06
933750000,2.908890e-06
935000000,2.300973e-06
936250000,2.234765e-06
937500000,2.675071e-06
938750000,3.015575e-06
940000000,2.014307e-06
941250000,2.660662e-06
942500000,1.860403e-06
943750000,2.560836e-06
945000000,2.513858e-06
946250000,2.410003e-06
947500000,2.507644e-06
948750000,3.588783e-06
950000000,2.308525e-06
951250000,2.774662e-06
952500000,2.719341e-06
953750000,2.545225e-06
955000000,2.980564e-06
956250000,2.391947e-06
957500000,2.662002e-06
958750000,3.166657e-06
960000000,2.731135e-06
961250000,3.129368e-06
962500000,2.431278e-06
963750000,2.007437e-06
965000000,2.899453e-06
966250000,3.117437e-06
967500000,2.874583e-06
968750000,2.308433e-06
970000000,3.086367e-06
971250000,2.486649e-06
972500000,2.458442e-06
973750000,2.657311e-06
975000000,2.795547e-06
976250000,2.858435e-06
977500000,3.236642e-06
978750000,2.527100e-06
980000000,2.858108e-06
981250000,2.616888e-06
982500000,3.581316e-06
983750000,2.303591e-06
985000000,3.682318e-06
986250000,2.514971e-06
987500000,2.474333e-06
988750000,3.477471e-06
990000000,3.070899e-06
991250000,3.132313e-06
992500000,1.958611e-06
993750000,2.419053e-06
995000000,3.020796e-06
996250000,2.476537e-06
997500000,2.545243e-06
998750000,2.100319e-06
1e+09,2.190692e-06
1.00125e+09,2.294717e-06
1.0025e+09,3.100066e-06
1.00375e+09,2.566476e-06
1.005e+09,2.749150e-06
1.00625e+09,2.820937e-06
1.0075e+09,2.616823e-06
1.00875e+09,2.873969e-06
1.01e+09,3.012409e-06
1.01125e+09,2.590911e-06
1.0125e+09,2.385692e-06
1.01375e+09,2.648377e-06
1.015e+09,3.972112e-06
1.01625e+09,3.524314e-06
1.0175e+09,2.661958e-06
1.01875e+09,3.692825e-06
1.02e+09,3.591202e-06
1.02125e+09,3.730961e-06
1.0225e+09,2.613646e-06
1.02375e+09,2.149993e-06
1.025e+09,2.617607e-06
1.02625e+09,2.557689e-06
1.0275e+09,3.536846e-06
1.02875e+09,2.424760e-06
1.03e+09,2.308505e-06
1.03125e+09,2.909315e-06
1.0325e+09,2.690569e-06
1.03375e+09,2.542707e-06
1.035e+09,2.689192e-06
1.03625e+09,3.151320e-06
1.0375e+09,2.563686e-06
1.03875e+09,3.160575e-06
1.04e+09,2.513757e-06
1.04125e+09,4.045522e-06
1.0425e+09,2.219087e-06
1.04375e+09,3.192293e-06
1.045e+09,2.588914e-06
1.04625e+09,2.434413e-06
1.0475e+09,2.083465e-06
1.04875e+09,3.840477e-06
1.05e+09,3.697130e-06
1.05125e+09,2.686201e-06
1.0525e+09,3.086805e-06
1.05375e+09,2.225180e-06
1.055e+09,2.816430e-06
1.05625e+09,2.075536e-06
1.0575e+09,2.390864e-06
1.05875e+09,2.928852e-06
1.06e+09,3.724709e-06
1.06125e+09,2.742990e-06
1.0625e+09,3.115464e-06
1.06375e+09,2.661470e-06
1.065e+09,2.826360e-06
1.06625e+09,2.059031e-06
1.0675e+09,3.088419e-06
1.06875e+09,2.302980e-06
1.07e+09,2.328139e-06
1.07125e+09,2.721550e-06
1.0725e+09,2.710257e-06
1.07375e+09,3.031680e-06
1.075e+09,2.238831e-06
1.07625e+09,2.351097e-06
1.0775e+09,2.599328e-06
1.07875e+09,2.922452e-06
1.08e+09,2.452651e-06
1.08125e+09,2.903349e-06
1.0825e+09,3.093737e-06
1.08375e+09,3.584156e-06
1.085e+09,2.604230e-06
1.08625e+09,2.900642e-06
1.0875e+09,2.923788e-06
1.08875e+09,2.969795e-06
1.09e+09,2.598609e-06
1.09125e+09,2.575099e-06
1.0925e+09,2.760401e-06
1.09375e+09,2.267509e-06
1.095e+09,2.424420e-06
1.09625e+09,2.343866e-06
1.0975e+09,3.174651e-06
1.09875e+09,3.036336e-06
1.1e+09,2.698229e-06
1.10125e+09,3.353963e-06
1.1025e+09,2.485763e-06
1.10375e+09,3.351786e-06
1.105e+09,3.136229e-06
1.10625e+09,3.365452e-06
1.1075e+09,2.508546e-06
1.10875e+09,3.383112e-06
1.11e+09,3.736450e-06
1.11125e+09,3.093483e-06
1.1125e+09,2.240202e-06
1.11375e+09,3.441029e-06
1.115e+09,3.027675e-06
1.11625e+09,2.732940e-06
1.1175e+09,3.036401e-06
1.11875e+09,3.155500e-06
1.12e+09,2.557030e-06
1.12125e+09,3.435781e-06
1.1225e+09,3.084253e-06
1.12375e+09,2.342025e-06
1.125e+09,3.455415e-06
1.12625e+09,2.604396e-06
1.1275e+09,4.284349e-06
1.12875e+09,2.905441e-06
1.13e+09,3.280173e-06
1.13125e+09,2.549111e-06
1.1325e+09,2.999033e-06
1.13375e+09,3.499849e-06
1.135e+09,2.410451e-06
1.13625e+09,3.889843e-06
1.1375e+09,2.457095e-06
1.13875e+09,3.189903e-06
1.14e+09,3.235792e-06
1.14125e+09,2.676938e-06
1.1425e+09,2.449250e-06
1.14375e+09,3.079152e-06
1.145e+09,2.730717e-06
1.14625e+09,3.433722e-06
1.1475e+09,2.833591e-06
1.14875e+09,3.298040e-06
1.15e+09,2.721930e-06
1.15125e+09,2.558747e-06
1.1525e+09,3.190983e-06
1.15375e+09,3.080185e-06
1.155e+09,2.923485e-06
1.15625e+09,2.788054e-06
1.1575e+09,2.872995e-06
1.15875e+09,2.838010e-06
1.16e+09,3.848128e-06
1.16125e+09,3.349322e-06
1.1625e+09,3.890450e-06
1.16375e+09,3.746849e-06
1.165e+09,3.064556e-06
1.16625e+09,3.468942e-06
1.1675e+09,3.092037e-06
1.16875e+09,3.922007e-06
1.17e+09,3.402277e-06
1.17125e+09,2.996429e-06
1.1725e+09,2.863334e-06
1.17375e+09,2.545854e-06
1.175e+09,3.209275e-06
1.17625e+09,4.021155e-06
1.1775e+09,2.809358e-06
1.17875e+09,3.126655e-06
1.18e+09,3.247873e-06
1.18125e+09,3.068549e-06
1.1825e+09,3.617046e-06
1.18375e+09,2.429211e-06
1.185e+09,3.119045e-06
1.18625e+09,3.006062e-06
1.1875e+09,3.260506e-06
1.18875e+09,3.523005e-06
1.19e+09,3.473016e-06
1.19125e+09,2.685600e-06
1.1925e+09,3.872718e-06
1.19375e+09,2.816162e-06
1.195e+09,2.805733e-06
1.19625e+09,3.144759e-06
1.1975e+09,3.262345e-06
1.19875e+09,3.864280e-06
1.2e+09,2.982273e-06
1.20125e+09,2.982497e-06
1.2025e+09,3.606607e-06
1.20375e+09,3.255019e-06
1.205e+09,3.689452e-06
1.20625e+09,3.111250e-06
1.2075e+09,3.219190e-06
1.20875e+09,2.637490e-06
1.21e+09,3.695614e-06
1.21125e+09,2.925710e-06
1.2125e+09,3.027766e-06
1.21375e+09,3.165288e-06
1.215e+09,2.946070e-06
1.21625e+09,4.223938e-06
1.2175e+09,2.798749e-06
1.21875e+09,3.537663e-06
1.22e+09,3.477898e-06
1.22125e+09,2.804752e-06
1.2225e+09,3.361920e-06
1.22375e+09,3.095514e-06
1.225e+09,2.834949e-06
1.22625e+09,4.047120e-06
1.2275e+09,3.057510e-06
1.22875e+09,3.553857e-06
1.23e+09,3.647486e-06
1.23125e+09,2.951872e-06
1.2325e+09,3.838492e-06
1.23375e+09,2.675296e-06
1.235e+09,4.086497e-06
1.23625e+09,3.308584e-06
1.2375e+09,3.131021e-06
1.23875e+09,3.690163e-06
1.24e+09,2.727283e-06
1.24125e+09,3.147864e-06
1.2425e+09,3.641732e-06
1.24375e+09,3.131777e-06
1.245e+09,4.045221e-06
1.24625e+09,3.514549e-06
1.2475e+09,3.412060e-06
1.24875e+09,3.195701e-06
1.25e+09,3.436439e-06
1.25125e+09,4.805699e-06
1.2525e+09,3.095850e-06
1.25375e+09,3.828635e-06
1.255e+09,3.470403e-06
1.25625e+09,3.047629e-06
1.2575e+09,3.247087e-06
1.25875e+09,3.986643e-06
1.26e+09,3.091059e-06
1.26125e+09,3.563637e-06
1.2625e+09,3.802885e-06
1.26375e+09,3.041198e-06
1.265e+09,3.625162e-06
1.26625e+09,3.343581e-06
1.2675e+09,4.833478e-06
1.26875e+09,4.085343e-06
1.27e+09,3.039915e-06
1.27125e+09,3.217465e-06
1.2725e+09,3.678674e-06
1.27375e+09,3.031243e-06
1.275e+09,3.233974e-06
1.27625e+09,4.338362e-06
1.2775e+09,3.655787e-06
1.27875e+09,3.689788e-06
1.28e+09,3.174669e-06
1.28125e+09,4.630430e-06
1.2825e+09,4.771897e-06
1.28375e+09,3.613643e-06
1.285e+09,4.564327e-06
1.28625e+09,3.346986e-06
1.2875e+09,3.315958e-06
1.28875e+09,4.057918e-06
1.29e+09,3.191138e-06
1.29125e+09,4.433591e-06
1.2925e+09,4.694338e-06
1.29375e+09,3.350837e-06
1.295e+09,3.192281e-06
1.29625e+09,3.893866e-06
1.2975e+09,3.368623e-06
1.29875e+09,4.719333e-06
1.3e+09,4.518275e-06
1.30125e+09,3.461363e-06
1.3025e+09,3.297181e-06
1.30375e+09,3.482842e-06
1.305e+09,3.466591e-06
1.30625e+09,3.488266e-06
1.3075e+09,3.459550e-06
1.30875e+09,3.750672e-06
1.31e+09,4.618547e-06
1.31125e+09,3.290925e-06
1.3125e+09,3.348861e-06
1.31375e+09,4.563538e-06
1.315e+09,3.750293e-06
1.31625e+09,5.205311e-06
1.3175e+09,4.758466e-06
1.31875e+09,3.611419e-06
1.32e+09,4.705250e-06
1.32125e+09,3.507979e-06
1.3225e+09,3.946067e-06
1.32375e+09,3.628007e-06
1.325e+09,3.834889e-06
1.32625e+09,3.668333e-06
1.3275e+09,4.391758e-06
1.32875e+09,3.903961e-06
1.33e+09,4.654872e-06
1.33125e+09,4.318140e-06
1.3325e+09,3.634598e-06
1.33375e+09,4.443865e-06
1.335e+09,4.370052e-06
1.33625e+09,3.208823e-06
1.3375e+09,4.291948e-06
1.33875e+09,4.645373e-06
1.34e+09,4.311101e-06
1.34125e+09,3.785553e-06
1.3425e+09,4.337949e-06
1.34375e+09,3.384501e-06
1.345e+09,4.780608e-06
1.34625e+09,4.750958e-06
1.3475e+09,4.450892e-06
1.34875e+09,3.779682e-06
1.35e+09,3.866855e-06
1.35125e+09,3.420123e-06
1.3525e+09,3.747414e-06
1.35375e+09,3.396687e-06
1.355e+09,4.009877e-06
1.35625e+09,3.886139e-06
1.3575e+09,3.836868e-06
1.35875e+09,4.114854e-06
1.36e+09,3.988143e-06
1.36125e+09,4.176926e-06
1.3625e+09,4.835433e-06
1.36375e+09,4.918026e-06
1.365e+09,4.512918e-06
1.36625e+09,4.085514e-06
1.3675e+09,4.393703e-06
1.36875e+09,4.198715e-06
1.37e+09,3.398621e-06
1.37125e+09,3.805809e-06
1.3725e+09,3.986459e-06
1.37375e+09,4.492758e-06
1.375e+09,3.851436e-06
1.37625e+09,4.440596e-06
1.3775e+09,4.760712e-06
1.37875e+09,3.665021e-06
1.38e+09,3.695914e-06
1.38125e+09,3.703220e-06
1.3825e+09,3.792658e-06
1.38375e+09,4.064540e-06
1.385e+09,4.035587e-06
1.38625e+09,3.991021e-06
1.3875e+09,3.809179e-06
1.38875e+09,5.109684e-06
1.39e+09,4.278051e-06
1.39125e+09,4.257558e-06
1.3925e+09,4.091289e-06
1.39375e+09,4.670591e-06
1.395e+09,4.122830e-06
1.39625e+09,3.882396e-06
1.3975e+09,3.908477e-06
1.39875e+09,3.657807e-06
1.4e+09,4.108649e-06
1.40125e+09,3.978781e-06
1.4025e+09,4.389407e-06
1.40375e+09,3.794580e-06
1.405e+09,3.810892e-06
1.40625e+09,4.441831e-06
1.4075e+09,3.912954e-06
1.40875e+09,4.719999e-06
1.41e+09,4.452571e-06
1.41125e+09,3.724715e-06
1.4125e+09,3.960573e-06
1.41375e+09,4.167040e-06
1.415e+09,4.736899e-06
1.41625e+09,4.490357e-06
1.4175e+09,4.603453e-06
1.41875e+09,4.493464e-06
1.42e+09,5.358397e-06
1.42125e+09,4.542147e-06
1.4225e+09,4.697007e-06
1.42375e+09,4.421439e-06
1.425e+09,4.734896e-06
1.42625e+09,4.465999e-06
1.4275e+09,4.462295e-06
1.42875e+09,4.758752e-06
1.43e+09,4.286632e-06
1.43125e+09,5.625077e-06
1.4325e+09,4.880705e-06
1.43375e+09,4.618045e-06
1.435e+09,5.781289e-06
1.43625e+09,4.939218e-06
1.4375e+09,5.331923e-06
1.43875e+09,4.550180e-06
1.44e+09,4.846034e-06
1.44125e+09,4.842499e-06
1.4425e+09,4.356101e-06
1.44375e+09,4.515176e-06
1.445e+09,4.767951e-06
1.44625e+09,4.580563e-06
1.4475e+09,4.986901e-06
1.44875e+09,5.188628e-06
1.45e+09,5.113459e-06
1.45125e+09,4.775535e-06
1.4525e+09,5.092174e-06
1.45375e+09,5.210657e-06
1.455e+09,5.492883e-06
1.45625e+09,4.588788e-06
1.4575e+09,5.370503e-06
1.45875e+09,4.618062e-06
1.46e+09,4.528144e-06
1.46125e+09,5.306389e-06
1.4625e+09,4.481204e-06
1.46375e+09,5.000679e-06
1.465e+09,4.399883e-06
1.46625e+09,4.903976e-06
1.4675e+09,4.791930e-06
1.46875e+09,4.962316e-06
1.47e+09,4.415630e-06
1.47125e+09,5.452732e-06
1.4725e+09,5.690398e-06
1.47375e+09,4.349203e-06
1.475e+09,4.719213e-06
1.47625e+09,4.830353e-06
1.4775e+09,6.256831e-06
1.47875e+09,5.339318e-06
1.48e+09,5.530202e-06
1.48125e+09,4.649099e-06
1.4825e+09,4.315349e-06
1.48375e+09,5.030538e-06
1.485e+09,4.997670e-06
1.48625e+09,4.827438e-06
1.4875e+09,5.405870e-06
1.48875e+09,5.244758e-06
1.49e+09,5.539269e-06
1.49125e+09,5.093906e-06
1.4925e+09,4.931380e-06
1.49375e+09,5.146441e-06
1.495e+09,4.736640e-06
1.49625e+09,5.802759e-06
1.4975e+09,5.789062e-06
1.49875e+09,5.181708e-06
1.5e+09,4.826935e-06
1.50125e+09,5.737500e-06
1.5025e+09,4.805459e-06
1.50375e+09,4.724984e-06
1.505e+09,6.287453e-06
1.50625e+09,4.426881e-06
1.5075e+09,5.663435e-06
1.50875e+09,5.423918e-06
1.51e+09,5.033470e-06
1.51125e+09,5.018850e-06
1.5125e+09,5.136838e-06
1.51375e+09,5.425817e-06
1.515e+09,5.515723e-06
1.51625e+09,5.188612e-06
1.5175e+09,5.105003e-06
1.51875e+09,5.281767e-06
1.52e+09,5.289226e-06
1.52125e+09,4.897943e-06
1.5225e+09,5.687719e-06
1.52375e+09,6.591234e-06
1.525e+09,5.239679e-06
1.52625e+09,5.226976e-06
1.5275e+09,5.178513e-06
1.52875e+09,5.099437e-06
1.53e+09,4.762967e-06
1.53125e+09,5.291826e-06
1.5325e+09,5.432693e-06
1.53375e+09,5.301991e-06
1.535e+09,5.545229e-06
1.53625e+09,5.993754e-06
1.5375e+09,5.569900e-06
1.53875e+09,7.084864e-06
1.54e+09,5.077987e-06
1.54125e+09,5.511205e-06
1.5425e+09,5.361661e-06
1.54375e+09,5.206232e-06
1.545e+09,6.140173e-06
1.54625e+09,6.951224e-06
1.5475e+09,6.908772e-06
1.54875e+09,5.415331e-06
1.55e+09,5.920906e-06
1.55125e+09,5.461883e-06
1.5525e+09,5.040752e-06
1.55375e+09,6.428670e-06
1.555e+09,6.234986e-06
1.55625e+09,5.952594e-06
1.5575e+09,6.644113e-06
1.55875e+09,5.022206e-06
1.56e+09,6.007913e-06
1.56125e+09,5.430991e-06
1.5625e+09,6.057214e-06
1.56375e+09,5.516130e-06
1.565e+09,5.684360e-06
1.56625e+09,6.003391e-06
1.5675e+09,6.484472e-06
1.56875e+09,6.456885e-06
1.57e+09,6.722364e-06
1.57125e+09,6.212017e-06
1.5725e+09,5.996891e-06
1.57375e+09,6.324575e-06
1.575e+09,5.797923e-06
1.57625e+09,6.459760e-06
1.5775e+09,6.003185e-06
1.57875e+09,5.640399e-06
1.58e+09,5.595754e-06
1.58125e+09,5.614518e-06
1.5825e+09,6.543332e-06
1.58375e+09,6.418225e-06
1.585e+09,7.045567e-06
1.58625e+09,5.948297e-06
1.5875e+09,6.347522e-06
1.58875e+09,5.653599e-06
1.59e+09,6.967806e-06
1.59125e+09,7.319065e-06
1.5925e+09,6.172403e-06
1.59375e+09,5.979494e-06
1.595e+09,5.494396e-06
1.59625e+09,6.155287e-06
1.5975e+09,6.276994e-06
1.59875e+09,5.881017e-06
1.6e+09,6.316894e-06
1.60125e+09,6.203772e-06
1.6025e+09,6.620690e-06
1.60375e+09,7.424144e-06
1.605e+09,5.967369e-06
1.60625e+09,6.557873e-06
1.6075e+09,6.213457e-06
1.60875e+09,6.163154e-06
1.61e+09,6.013148e-06
1.61125e+09,6.262856e-06
1.6125e+09,7.045232e-06
1.61375e+09,7.303258e-06
1.615e+09,6.782728e-06
1.61625e+09,7.337661e-06
1.6175e+09,7.039306e-06
1.61875e+09,5.877643e-06
1.62e+09,6.253046e-06
1.62125e+09,5.955749e-06
1.6225e+09,6.882861e-06
1.62375e+09,6.597720e-06
1.625e+09,7.445999e-06
1.62625e+09,6.526038e-06
1.6275e+09,6.812970e-06
1.62875e+09,7.450485e-06
1.63e+09,7.034382e-06
1.63125e+09,6.678326e-06
1.6325e+09,6.283654e-06
1.63375e+09,6.801175e-06
1.635e+09,7.062914e-06
1.63625e+09,7.477987e-06
1.6375e+09,6.414596e-06
1.63875e+09,6.274892e-06
1.64e+09,6.605069e-06
1.64125e+09,7.154590e-06
1.6425e+09,6.763388e-06
1.64375e+09,7.477667e-06
1.645e+09,6.659262e-06
1.64625e+09,6.746081e-06
1.6475e+09,6.475929e-06
1.64875e+09,6.729566e-06
1.65e+09,7.544760e-06
1.65125e+09,6.719579e-06
1.6525e+09,7.228776e-06
1.65375e+09,6.885356e-06
1.655e+09,7.392570e-06
1.65625e+09,6.942636e-06
1.6575e+09,8.201215e-06
1.65875e+09,7.328168e-06
1.66e+09,7.224917e-06
1.66125e+09,7.466568e-06
1.6625e+09,6.883248e-06
1.66375e+09,7.367989e-06
1.665e+09,6.997325e-06
1.66625e+09,7.015286e-06
1.6675e+09,8.534367e-06
1.66875e+09,7.482562e-06
1.67e+09,8.584202e-06
1.67125e+09,7.610083e-06
1.6725e+09,7.955558e-06
1.67375e+09,7.798936e-06
1.675e+09,8.678404e-06
1.67625e+09,7.325705e-06
1.6775e+09,7.725598e-06
1.67875e+09,7.308142e-06
1.68e+09,7.064812e-06
1.68125e+09,8.269866e-06
1.6825e+09,7.395833e-06
1.68375e+09,7.829266e-06
1.685e+09,8.415706e-06
1.68625e+09,7.562520e-06
1.6875e+09,7.690791e-06
1.68875e+09,7.647991e-06
1.69e+09,7.185765e-06
1.69125e+09,8.253718e-06
1.6925e+09,7.114935e-06
1.69375e+09,7.756798e-06
1.695e+09,7.504115e-06
1.69625e+09,7.693722e-06
1.6975e+09,8.142130e-06
1.69875e+09,8.769749e-06
1.7e+09,8.198980e-06
1.70125e+09,7.754958e-06
1.7025e+09,8.404515e-06
1.70375e+09,8.270180e-06
1.705e+09,8.173539e-06
1.70625e+09,8.489405e-06
1.7075e+09,7.990482e-06
1.70875e+09,7.500463e-06
1.71e+09,8.373324e-06
1.71125e+09,9.256160e-06
1.7125e+09,8.391572e-06
1.71375e+09,8.078783e-06
1.715e+09,8.398951e-06
1.71625e+09,8.359950e-06
1.7175e+09,8.055963e-06
1.71875e+09,8.964927e-06
1.72e+09,8.805505e-06
1.72125e+09,8.825359e-06
1.7225e+09,8.257319e-06
1.72375e+09,7.931255e-06
1.725e+09,8.531725e-06
1.72625e+09,8.954242e-06
1.7275e+09,9.061886e-06
1.72875e+09,8.053207e-06
1.73e+09,8.684736e-06
1.73125e+09,8.540800e-06
1.7325e+09,8.391564e-06
1.73375e+09,9.410498e-06
1.735e+09,9.096854e-06
1.73625e+09,8.582733e-06
1.7375e+09,8.916006e-06
1.73875e+09,8.715463e-06
1.74e+09,9.260979e-06
1.74125e+09,9.156324e-06
1.7425e+09,9.104416e-06
1.74375e+09,9.862998e-06
1.745e+09,9.186991e-06
1.74625e+09,9.504315e-06
1.7475e+09,8.885418e-06
1.74875e+09,9.264884e-06
1.75e+09,8.748842e-06
1.75125e+09,8.931911e-06
1.7525e+09,1.001434e-05
1.75375e+09,9.900392e-06
1.755e+09,9.292664e-06
1.75625e+09,8.847955e-06
1.7575e+09,8.757136e-06
1.75875e+09,9.058320e-06
1.76e+09,9.821765e-06
1.76125e+09,9.311867e-06
1.7625e+09,9.547734e-06
1.76375e+09,1.012567e-05
1.765e+09,9.359637e-06
1.76625e+09,8.900536e-06
1.7675e+09,9.064044e-06
1.76875e+09,9.192989e-06
1.77e+09,9.824133e-06
1.77125e+09,9.393499e-06
1.7725e+09,9.752561e-06
1.77375e+09,1.077689e-05
1.775e+09,1.053295e-05
1.77625e+09,9.546127e-06
1.7775e+09,9.914027e-06
1.77875e+09,9.687529e-06
1.78e+09,9.517989e-06
1.78125e+09,9.687323e-06
1.7825e+09,1.060669e-05
1.78375e+09,1.028160e-05
1.785e+09,1.044851e-05
1.78625e+09,1.003994e-05
1.7875e+09,1.044090e-05
1.78875e+09,1.175873e-05
1.79e+09,1.074281e-05
1.79125e+09,1.014038e-05
1.7925e+09,1.029244e-05
1.79375e+09,1.171939e-05
1.795e+09,1.049754e-05
1.79625e+09,1.025391e-05
1.7975e+09,1.033421e-05
1.79875e+09,1.137291e-05
1.8e+09,1.067534e-05
1.80125e+09,1.092856e-05
1.8025e+09,1.109484e-05
1.80375e+09,1.111776e-05
1.805e+09,1.054925e-05
1.80625e+09,1.136658e-05
1.8075e+09,1.085764e-05
1.80875e+09,1.108108e-05
1.81e+09,1.066171e-05
1.81125e+09,1.112227e-05
1.8125e+09,1.079297e-05
1.81375e+09,1.238032e-05
1.815e+09,1.118189e-05
1.81625e+09,1.082728e-05
1.8175e+09,1.172512e-05
1.81875e+09,1.131549e-05
1.82e+09,1.088858e-05
1.82125e+09,1.083449e-05
1.8225e+09,1.121959e-05
1.82375e+09,1.121338e-05
1.825e+09,1.133167e-05
1.82625e+09,1.225701e-05
1.8275e+09,1.278434e-05
1.82875e+09,1.180785e-05
1.83e+09,1.224431e-05
1.83125e+09,1.131678e-05
1.8325e+09,1.136998e-05
1.83375e+09,1.149158e-05
1.835e+09,1.173152e-05
1.83625e+09,1.135673e-05
1.8375e+09,1.234285e-05
1.83875e+09,1.191702e-05
1.84e+09,1.163543e-05
1.84125e+09,1.279497e-05
1.8425e+09,1.160778e-05
1.84375e+09,1.290162e-05
1.845e+09,1.174368e-05
1.84625e+09,1.247364e-05
1.8475e+09,1.203771e-05
1.84875e+09,1.271055e-05
1.85e+09,1.224441e-05
1.85125e+09,1.189183e-05
1.8525e+09,1.288788e-05
1.85375e+09,1.328527e-05
1.855e+09,1.239804e-05
1.85625e+09,1.305701e-05
1.8575e+09,1.303127e-05
1.85875e+09,1.289701e-05
1.86e+09,1.269126e-05
1.86125e+09,1.253282e-05
1.8625e+09,1.279762e-05
1.86375e+09,1.331356e-05
1.865e+09,1.316952e-05
1.86625e+09,1.390895e-05
1.8675e+09,1.299605e-05
1.86875e+09,1.352926e-05
1.87e+09,1.363264e-05
1.87125e+09,1.343644e-05
1.8725e+09,1.305621e-05
1.87375e+09,1.359284e-05
1.875e+09,1.387735e-05
1.87625e+09,1.364883e-05
1.8775e+09,1.302568e-05
1.87875e+09,1.354459e-05
1.88e+09,1.503722e-05
1.88125e+09,1.350253e-05
1.8825e+09,1.376478e-05
1.88375e+09,1.381318e-05
1.885e+09,1.475985e-05
1.88625e+09,1.456634e-05
1.8875e+09,1.467990e-05
1.88875e+09,1.433720e-05
1.89e+09,1.571395e-05
1.89125e+09,1.470894e-05
1.8925e+09,1.524330e-05
1.89375e+09,1.469692e-05
1.895e+09,1.466625e-05
1.89625e+09,1.481647e-05
1.8975e+09,1.589392e-05
1.89875e+09,1.536240e-05
1.9e+09,1.478588e-05
1.90125e+09,1.497124e-05
1.9025e+09,1.572676e-05
1.90375e+09,1.488560e-05
1.905e+09,1.509610e-05
1.90625e+09,1.572031e-05
1.9075e+09,1.584844e-05
1.90875e+09,1.516144e-05
1.91e+09,1.520439e-05
1.91125e+09,1.679925e-05
1.9125e+09,1.601925e-05
1.91375e+09,1.545105e-05
1.915e+09,1.593921e-05
1.91625e+09,1.568129e-05
1.9175e+09,1.551485e-05
1.91875e+09,1.687611e-05
1.92e+09,1.558909e-05
1.92125e+09,1.644596e-05
1.9225e+09,1.625293e-05
1.92375e+09,1.681342e-05
1.925e+09,1.642408e-05
1.92625e+09,1.595496e-05
1.9275e+09,1.634838e-05
1.92875e+09,1.648940e-05
1.93e+09,1.702941e-05
1.93125e+09,1.689205e-05
1.9325e+09,1.655543e-05
1.93375e+09,1.692638e-05
1.935e+09,1.696918e-05
1.93625e+09,1.701560e-05
1.9375e+09,1.665921e-05
1.93875e+09,1.769034e-05
1.94e+09,1.728224e-05
1.94125e+09,1.744394e-05
1.9425e+09,1.782569e-05
1.94375e+09,1.777795e-05
1.945e+09,1.716894e-05
1.94625e+09,1.791197e-05
1.9475e+09,1.825763e-05
1.94875e+09,1.780223e-05
1.95e+09,1.819099e-05
1.95125e+09,1.896612e-05
1.9525e+09,1.909294e-05
1.95375e+09,1.834603e-05
1.955e+09,1.807558e-05
1.95625e+09,1.868063e-05
1.9575e+09,1.896244e-05
1.95875e+09,1.925862e-05
1.96e+09,1.874528e-05
1.96125e+09,1.932579e-05
1.9625e+09,1.924571e-05
1.96375e+09,1.940672e-05
1.965e+09,1.900253e-05
1.96625e+09,1.888455e-05
1.9675e+09,2.040280e-05
1.96875e+09,2.038404e-05
1.97e+09,2.030897e-05
1.97125e+09,2.083993e-05
1.9725e+09,2.014395e-05
1.97375e+09,2.003718e-05
1.975e+09,2.065565e-05
1.97625e+09,2.011971e-05
1.9775e+09,2.038303e-05
1.97875e+09,2.028282e-05
1.98e+09,2.035685e-05
1.98125e+09,2.081182e-05
1.9825e+09,2.031416e-05
1.98375e+09,2.062943e-05
1.985e+09,2.126885e-05
1.98625e+09,2.107669e-05
1.9875e+09,2.138673e-05
1.98875e+09,2.220596e-05
1.99e+09,2.172817e-05
1.99125e+09,2.159929e-05
1.9925e+09,2.171016e-05
1.99375e+09,2.400426e-05
1.995e+09,2.311898e-05
1.99625e+09,2.272137e-05
1.9975e+09,2.208717e-05
1.99875e+09,2.231863e-05
2e+09,2.274162e-05
2.00125e+09,2.221204e-05
2.0025e+09,2.267234e-05
2.00375e+09,2.279141e-05
2.005e+09,2.325507e-05
2.00625e+09,2.337691e-05
2.0075e+09,2.319282e-05
2.00875e+09,2.434758e-05
2.01e+09,2.359352e-05
2.01125e+09,2.452242e-05
2.0125e+09,2.430314e-05
2.01375e+09,2.518802e-05
2.015e+09,2.540798e-05
2.01625e+09,2.535178e-05
2.0175e+09,2.561444e-05
2.01875e+09,2.528720e-05
2.02e+09,2.536327e-05
2.02125e+09,2.553488e-05
2.0225e+09,2.494013e-05
2.02375e+09,2.713101e-05
2.025e+09,2.585546e-05
2.02625e+09,2.559388e-05
2.0275e+09,2.653326e-05
2.02875e+09,2.582268e-05
2.03e+09,2.617410e-05
2.03125e+09,2.691555e-05
2.0325e+09,2.633559e-05
2.03375e+09,2.718785e-05
2.035e+09,2.728775e-05
2.03625e+09,2.709892e-05
2.0375e+09,2.835718e-05
2.03875e+09,2.780023e-05
2.04e+09,2.863327e-05
2.04125e+09,2.817690e-05
2.0425e+09,2.807963e-05
2.04375e+09,3.009392e-05
2.045e+09,2.834602e-05
2.04625e+09,2.953846e-05
2.0475e+09,2.892744e-05
2.04875e+09,2.932923e-05
2.05e+09,2.893854e-05
2.05125e+09,2.997946e-05
2.0525e+09,3.007665e-05
2.05375e+09,2.960917e-05
2.055e+09,3.007560e-05
2.05625e+09,3.088852e-05
2.0575e+09,3.126327e-05
2.05875e+09,3.040942e-05
2.06e+09,3.156843e-05
2.06125e+09,3.133172e-05
2.0625e+09,3.208153e-05
2.06375e+09,3.148505e-05
2.065e+09,3.232262e-05
2.06625e+09,3.269610e-05
2.0675e+09,3.246970e-05
2.06875e+09,3.316128e-05
2.07e+09,3.330155e-05
2.07125e+09,3.373414e-05
2.0725e+09,3.382708e-05
2.07375e+09,3.380670e-05
2.075e+09,3.399763e-05
2.07625e+09,3.457624e-05
2.0775e+09,3.502445e-05
2.07875e+09,3.532528e-05
2.08e+09,3.643961e-05
2.08125e+09,3.532124e-05
2.0825e+09,3.539176e-05
2.08375e+09,3.626604e-05
2.085e+09,3.612190e-05
2.08625e+09,3.613369e-05
2.0875e+09,3.698708e-05
2.08875e+09,3.713375e-05
2.09e+09,3.760945e-05
2.09125e+09,3.843848e-05
2.0925e+09,3.789760e-05
2.09375e+09,3.842336e-05
2.095e+09,3.906202e-05
2.09625e+09,3.876623e-05
2.0975e+09,3.905631e-05
2.09875e+09,3.961240e-05
2.1e+09,4.005435e-05
2.10125e+09,3.968637e-05
2.1025e+09,4.053597e-05
2.10375e+09,4.043488e-05
2.105e+09,4.124609e-05
2.10625e+09,4.136936e-05
2.1075e+09,4.203032e-05
2.10875e+09,4.256677e-05
2.11e+09,4.294397e-05
2.11125e+09,4.395096e-05
2.1125e+09,4.309166e-05
2.11375e+09,4.360677e-05
2.115e+09,4.610371e-05
2.11625e+09,4.455478e-05
2.1175e+09,4.488698e-05
2.11875e+09,4.517119e-05
2.12e+09,4.604358e-05
2.12125e+09,4.679364e-05
2.1225e+09,4.593533e-05
2.12375e+09,4.683705e-05
2.125e+09,4.834525e-05
2.12625e+09,4.763118e-05
2.1275e+09,4.861825e-05
2.12875e+09,4.834572e-05
2.13e+09,4.885542e-05
2.13125e+09,5.029641e-05
2.1325e+09,4.938030e-05
2.13375e+09,5.124058e-05
2.135e+09,5.067976e-05
2.13625e+09,5.173894e-05
2.1375e+09,5.203634e-05
2.13875e+09,5.212181e-05
2.14e+09,5.434323e-05
2.14125e+09,5.302854e-05
2.1425e+09,5.456415e-05
2.14375e+09,5.408678e-05
2.145e+09,5.537354e-05
2.14625e+09,5.597966e-05
2.1475e+09,5.642259e-05
2.14875e+09,5.631086e-05
2.15e+09,5.734478e-05
2.15125e+09,5.767876e-05
2.1525e+09,5.821511e-05
2.15375e+09,5.890199e-05
2.155e+09,5.935290e-05
2.15625e+09,6.020905e-05
2.1575e+09,6.063876e-05
2.15875e+09,6.171646e-05
2.16e+09,6.263160e-05
2.16125e+09,6.267307e-05
2.1625e+09,6.349228e-05
2.16375e+09,6.396178e-05
2.165e+09,6.569180e-05
2.16625e+09,6.551702e-05
2.1675e+09,6.546700e-05
2.16875e+09,6.646332e-05
2.17e+09,6.706077e-05
2.17125e+09,6.810497e-05
2.1725e+09,6.899241e-05
2.17375e+09,6.898521e-05
2.175e+09,7.092817e-05
2.17625e+09,7.125298e-05
2.1775e+09,7.224373e-05
2.17875e+09,7.300048e-05
2.18e+09,7.375539e-05
2.18125e+09,7.470760e-05
2.1825e+09,7.510560e-05
2.18375e+09,7.635847e-05
2.185e+09,7.656868e-05
2.18625e+09,7.751063e-05
2.1875e+09,7.841690e-05
2.18875e+09,8.012457e-05
2.19e+09,8.058518e-05
2.19125e+09,8.090213e-05
2.1925e+09,8.216653e-05
2.19375e+09,8.411921e-05
2.195e+09,8.488198e-05
2.19625e+09,8.561521e-05
2.1975e+09,8.677078e-05
2.19875e+09,8.756631e-05
2.2e+09,8.894603e-05
2.20125e+09,8.955596e-05
2.2025e+09,9.097591e-05
2.20375e+09,9.294403e-05
2.205e+09,9.453659e-05
2.20625e+09,9.380203e-05
2.2075e+09,9.634937e-05
2.20875e+09,9.682964e-05
2.21e+09,9.836930e-05
2.21125e+09,9.925836e-05
2.2125e+09,1.015581e-04
2.21375e+09,1.019060e-04
2.215e+09,1.036089e-04
2.21625e+09,1.050907e-04
2.2175e+09,1.074896e-04
2.21875e+09,1.082811e-04
2.22e+09,1.092767e-04
2.22125e+09,1.108983e-04
2.2225e+09,1.128465e-04
2.22375e+09,1.139687e-04
2.225e+09,1.163633e-04
2.22625e+09,1.171099e-04
2.2275e+09,1.186746e-04
2.22875e+09,1.216169e-04
2.23e+09,1.223543e-04
2.23125e+09,1.241070e-04
2.2325e+09,1.263167e-04
2.23375e+09,1.284261e-04
2.235e+09,1.295241e-04
2.23625e+09,1.317007e-04
2.2375e+09,1.348021e-04
2.23875e+09,1.357605e-04
2.24e+09,1.387576e-04
2.24125e+09,1.403225e-04
2.2425e+09,1.425804e-04
2.24375e+09,1.444954e-04
2.245e+09,1.474022e-04
2.24625e+09,1.496592e-04
2.2475e+09,1.518674e-04
2.24875e+09,1.542814e-04
2.25e+09,1.570916e-04
2.25125e+09,1.601781e-04
2.2525e+09,1.640516e-04
2.25375e+09,1.661702e-04
2.255e+09,1.687247e-04
2.25625e+09,1.725079e-04
2.2575e+09,1.739314e-04
2.25875e+09,1.770560e-04
2.26e+09,1.801926e-04
2.26125e+09,1.835902e-04
2.2625e+09,1.873076e-04
2.26375e+09,1.900663e-04
2.265e+09,1.948849e-04
2.26625e+09,1.970772e-04
2.2675e+09,2.017535e-04
2.26875e+09,2.048636e-04
2.27e+09,2.094613e-04
2.27125e+09,2.131644e-04
2.2725e+09,2.174722e-04
2.27375e+09,2.215103e-04
2.275e+09,2.260893e-04
2.27625e+09,2.306736e-04
2.2775e+09,2.352107e-04
2.27875e+09,2.399675e-04
2.28e+09,2.448883e-04
2.28125e+09,2.498878e-04
2.2825e+09,2.552709e-04
2.28375e+09,2.606349e-04
2.285e+09,2.662024e-04
2.28625e+09,2.725286e-04
2.2875e+09,2.792331e-04
2.28875e+09,2.850100e-04
2.29e+09,2.919407e-04
2.29125e+09,2.975012e-04
2.2925e+09,3.060124e-04
2.29375e+09,3.130121e-04
2.295e+09,3.197694e-04
2.29625e+09,3.270445e-04
2.2975e+09,3.354626e-04
2.29875e+09,3.444025e-04
2.3e+09,3.523118e-04
2.30125e+09,3.612194e-04
2.3025e+09,3.704236e-04
2.30375e+09,3.802970e-04
2.305e+09,3.904488e-04
2.30625e+09,4.005139e-04
2.3075e+09,4.121540e-04
2.30875e+09,4.238816e-04
2.31e+09,4.357805e-04
2.31125e+09,4.468245e-04
2.3125e+09,4.599797e-04
2.31375e+09,4.742284e-04
2.315e+09,4.872055e-04
2.31625e+09,5.026095e-04
2.3175e+09,5.170199e-04
2.31875e+09,5.330646e-04
2.32e+09,5.497770e-04
2.32125e+09,5.675175e-04
2.3225e+09,5.862485e-04
2.32375e+09,6.051518e-04
2.325e+09,6.255307e-04
2.32625e+09,6.475728e-04
2.3275e+09,6.689517e-04
2.32875e+09,6.926953e-04
2.33e+09,7.177165e-04
2.33125e+09,7.440147e-04
2.3325e+09,7.726153e-04
2.33375e+09,8.014917e-04
2.335e+09,8.325884e-04
2.33625e+09,8.654787e-04
2.3375e+09,8.999310e-04
2.33875e+09,9.373576e-04
2.34e+09,9.768164e-04
2.34125e+09,1.018512e-03
2.3425e+09,1.063271e-03
2.34375e+09,1.112178e-03
2.345e+09,1.162563e-03
2.34625e+09,1.216612e-03
2.3475e+09,1.275103e-03
2.34875e+09,1.337961e-03
2.35e+09,1.405294e-03
2.35125e+09,1.478566e-03
2.3525e+09,1.557187e-03
2.35375e+09,1.642068e-03
2.355e+09,1.733924e-03
2.35625e+09,1.834773e-03
2.3575e+09,1.943960e-03
2.35875e+09,2.062957e-03
2.36e+09,2.193769e-03
2.36125e+09,2.337738e-03
2.3625e+09,2.494927e-03
2.36375e+09,2.670035e-03
2.365e+09,2.862591e-03
2.36625e+09,3.077609e-03
2.3675e+09,3.318523e-03
2.36875e+09,3.587808e-03
2.37e+09,3.893701e-03
2.37125e+09,4.236396e-03
2.3725e+09,4.629005e-03
2.37375e+09,5.077114e-03
2.375e+09,5.594946e-03
2.37625e+09,6.195795e-03
2.3775e+09,6.898263e-03
2.37875e+09,7.726635e-03
2.38e+09,8.713656e-03
2.38125e+09,9.901860e-03
2.3825e+09,1.135050e-02
2.38375e+09,1.313980e-02
2.385e+09,1.538709e-02
2.38625e+09,1.825648e-02
2.3875e+09,2.200594e-02
2.38875e+09,2.702961e-02
2.39e+09,3.396362e-02
2.39125e+09,4.390471e-02
2.3925e+09,5.882556e-02
2.39375e+09,8.257016e-02
2.395e+09,1.232890e-01
2.39625e+09,2.000014e-01
2.3975e+09,3.600015e-01
2.39875e+09,6.923096e-01
2.4e+09,1.000002e+00
2.40125e+09,6.923093e-01
2.4025e+09,3.600018e-01
2.40375e+09,2.000025e-01
2.405e+09,1.232893e-01
2.40625e+09,8.257184e-02
2.4075e+09,5.882553e-02
2.40875e+09,4.390398e-02
2.41e+09,3.396375e-02
2.41125e+09,2.702918e-02
2.4125e+09,2.200663e-02
2.41375e+09,1.825800e-02
2.415e+09,1.538608e-02
2.41625e+09,1.314043e-02
2.4175e+09,1.135199e-02
2.41875e+09,9.903464e-03
2.42e+09,8.714446e-03
2.42125e+09,7.727738e-03
2.4225e+09,6.898303e-03
2.42375e+09,6.196661e-03
2.425e+09,5.595788e-03
2.42625e+09,5.078016e-03
2.4275e+09,4.629051e-03
2.42875e+09,4.238175e-03
2.43e+09,3.893190e-03
2.43125e+09,3.589833e-03
2.4325e+09,3.319934e-03
2.43375e+09,3.079436e-03
2.435e+09,2.864022e-03
2.43625e+09,2.671172e-03
2.4375e+09,2.498140e-03
2.43875e+09,2.338856e-03
2.44e+09,2.195171e-03
2.44125e+09,2.065544e-03
2.4425e+09,1.946095e-03
2.44375e+09,1.837924e-03
2.445e+09,1.737095e-03
2.44625e+09,1.644960e-03
2.4475e+09,1.559224e-03
2.44875e+09,1.481986e-03
2.45e+09,1.408963e-03
2.45125e+09,1.341105e-03
2.4525e+09,1.279017e-03
2.45375e+09,1.220153e-03
2.455e+09,1.165997e-03
2.45625e+09,1.114921e-03
2.4575e+09,1.067655e-03
2.45875e+09,1.024201e-03
2.46e+09,9.828555e-04
2.46125e+09,9.436680e-04
2.4625e+09,9.068294e-04
2.46375e+09,8.720260e-04
2.465e+09,8.390633e-04
2.46625e+09,8.089849e-04
2.4675e+09,7.797966e-04
2.46875e+09,7.541328e-04
2.47e+09,7.277769e-04
2.47125e+09,7.035522e-04
2.4725e+09,6.800692e-04
2.47375e+09,6.593231e-04
2.475e+09,6.394219e-04
2.47625e+09,6.202622e-04
2.4775e+09,6.033871e-04
2.47875e+09,5.862647e-04
2.48e+09,5.712005e-04
2.48125e+09,5.582332e-04
2.4825e+09,5.452977e-04
2.48375e+09,5.350382e-04
2.485e+09,5.267318e-04
2.48625e+09,5.194879e-04
2.4875e+09,5.145134e-04
2.48875e+09,5.144749e-04
2.49e+09,5.204654e-04
2.49125e+09,5.331742e-04
2.4925e+09,5.590468e-04
2.49375e+09,6.081111e-04
2.495e+09,7.003795e-04
2.49625e+09,8.822910e-04
2.4975e+09,1.275292e-03
2.49875e+09,2.099708e-03
2.5e+09,2.863887e-03
2.50125e+09,2.082207e-03
2.5025e+09,1.239215e-03
2.50375e+09,8.301674e-04
2.505e+09,6.291182e-04
2.50625e+09,5.194604e-04
2.5075e+09,4.521396e-04
2.50875e+09,4.086648e-04
2.51e+09,3.770943e-04
2.51125e+09,3.526481e-04
2.5125e+09,3.331106e-04
2.51375e+09,3.180844e-04
2.515e+09,3.051609e-04
2.51625e+09,2.941589e-04
2.5175e+09,2.836360e-04
2.51875e+09,2.756334e-04
2.52e+09,2.664563e-04
2.52125e+09,2.596213e-04
2.5225e+09,2.523346e-04
2.52375e+09,2.465757e-04
2.525e+09,2.401415e-04
2.52625e+09,2.343500e-04
2.5275e+09,2.296489e-04
2.52875e+09,2.238362e-04
2.53e+09,2.183564e-04
2.53125e+09,2.143226e-04
2.5325e+09,2.091184e-04
2.53375e+09,2.053280e-04
2.535e+09,2.007573e-04
2.53625e+09,1.962708e-04
2.5375e+09,1.942625e-04
2.53875e+09,1.889207e-04
2.54e+09,1.854274e-04
2.54125e+09,1.821496e-04
2.5425e+09,1.784077e-04
2.54375e+09,1.761239e-04
2.545e+09,1.725732e-04
2.54625e+09,1.689634e-04
2.5475e+09,1.655809e-04
2.54875e+09,1.635193e-04
2.55e+09,1.606954e-04
2.55125e+09,1.577386e-04
2.5525e+09,1.553375e-04
2.55375e+09,1.524031e-04
2.555e+09,1.500605e-04
2.55625e+09,1.469440e-04
2.5575e+09,1.451307e-04
2.55875e+09,1.422423e-04
2.56e+09,1.399346e-04
2.56125e+09,1.382935e-04
2.5625e+09,1.360320e-04
2.56375e+09,1.346209e-04
2.565e+09,1.320582e-04
2.56625e+09,1.296208e-04
2.5675e+09,1.284265e-04
2.56875e+09,1.260716e-04
2.57e+09,1.250116e-04
2.57125e+09,1.223374e-04
2.5725e+09,1.204766e-04
2.57375e+09,1.186684e-04
2.575e+09,1.170695e-04
2.57625e+09,1.155138e-04
2.5775e+09,1.133594e-04
2.57875e+09,1.123956e-04
2.58e+09,1.109773e-04
2.58125e+09,1.088755e-04
2.5825e+09,1.084854e-04
2.58375e+09,1.061625e-04
2.585e+09,1.048494e-04
2.58625e+09,1.032235e-04
2.5875e+09,1.017390e-04
2.58875e+09,1.007748e-04
2.59e+09,9.954782e-05
2.59125e+09,9.816204e-05
2.5925e+09,9.623792e-05
2.59375e+09,9.528052e-05
2.595e+09,9.503161e-05
2.59625e+09,9.295047e-05
2.5975e+09,9.116357e-05
2.59875e+09,9.064274e-05
2.6e+09,9.012652e-05
2.60125e+09,8.870981e-05
2.6025e+09,8.700158e-05
2.60375e+09,8.733499e-05
2.605e+09,8.573640e-05
2.60625e+09,8.407800e-05
2.6075e+09,8.296897e-05
2.60875e+09,8.248393e-05
2.61e+09,8.157768e-05
2.61125e+09,8.008956e-05
2.6125e+09,7.914375e-05
2.61375e+09,7.800391e-05
2.615e+09,7.693967e-05
2.61625e+09,7.585908e-05
2.6175e+09,7.647639e-05
2.61875e+09,7.537084e-05
2.62e+09,7.423995e-05
2.62125e+09,7.311326e-05
2.6225e+09,7.221996e-05
2.62375e+09,7.231333e-05
2.625e+09,7.083977e-05
2.62625e+09,6.941446e-05
2.6275e+09,6.990161e-05
2.62875e+09,6.830820e-05
2.63e+09,6.816050e-05
2.63125e+09,6.765896e-05
2.6325e+09,6.622711e-05
2.63375e+09,6.508085e-05
2.635e+09,6.495850e-05
2.63625e+09,6.404296e-05
2.6375e+09,6.319849e-05
2.63875e+09,6.300523e-05
2.64e+09,6.256916e-05
2.64125e+09,6.164563e-05
2.6425e+09,6.074696e-05
2.64375e+09,6.005199e-05
2.645e+09,6.024669e-05
2.64625e+09,5.941768e-05
2.6475e+09,5.829715e-05
2.64875e+09,5.811276e-05
2.65e+09,5.733292e-05
2.65125e+09,5.673897e-05
2.6525e+09,5.688299e-05
2.65375e+09,5.594029e-05
2.655e+09,5.586005e-05
2.65625e+09,5.549322e-05
2.6575e+09,5.489505e-05
2.65875e+09,5.386353e-05
2.66e+09,5.376982e-05
2.66125e+09,5.238899e-05
2.6625e+09,5.196871e-05
2.66375e+09,5.179170e-05
2.665e+09,5.076733e-05
2.66625e+09,5.072038e-05
2.6675e+09,5.099901e-05
2.66875e+09,4.933083e-05
2.67e+09,4.915003e-05
2.67125e+09,4.945253e-05
2.6725e+09,4.811805e-05
2.67375e+09,4.856627e-05
2.675e+09,4.876672e-05
2.67625e+09,4.816326e-05
2.6775e+09,4.725302e-05
2.67875e+09,4.684628e-05
2.68e+09,4.598300e-05
2.68125e+09,4.517136e-05
2.6825e+09,4.668958e-05
2.68375e+09,4.400428e-05
2.685e+09,4.435695e-05
2.68625e+09,4.368157e-05
2.6875e+09,4.447991e-05
2.68875e+09,4.308416e-05
2.69e+09,4.274818e-05
2.69125e+09,4.223721e-05
2.6925e+09,4.206807e-05
2.69375e+09,4.225444e-05
2.695e+09,4.114540e-05
2.69625e+09,4.041623e-05
2.6975e+09,4.102272e-05
2.69875e+09,4.089528e-05
2.7e+09,4.096501e-05
2.70125e+09,3.940241e-05
2.7025e+09,3.946040e-05
2.70375e+09,3.968520e-05
2.705e+09,3.913395e-05
2.70625e+09,3.845332e-05
2.7075e+09,3.828124e-05
2.70875e+09,3.770582e-05
2.71e+09,3.698124e-05
2.71125e+09,3.662198e-05
2.7125e+09,3.710202e-05
2.71375e+09,3.682926e-05
2.715e+09,3.681432e-05
2.71625e+09,3.587924e-05
2.7175e+09,3.531237e-05
2.71875e+09,3.564593e-05
2.72e+09,3.500691e-05
2.72125e+09,3.595530e-05
2.7225e+09,3.493120e-05
2.72375e+09,3.484239e-05
2.725e+09,3.474656e-05
2.72625e+09,3.434277e-05
2.7275e+09,3.338893e-05
2.72875e+09,3.315614e-05
2.73e+09,3.332143e-05
2.73125e+09,3.326105e-05
2.7325e+09,3.245546e-05
2.73375e+09,3.219593e-05
2.735e+09,3.223414e-05
2.73625e+09,3.188236e-05
2.7375e+09,3.315159e-05
2.73875e+09,3.117423e-05
2.74e+09,3.165384e-05
2.74125e+09,3.201455e-05
2.7425e+09,3.116916e-05
2.74375e+09,3.021123e-05
2.745e+09,3.125314e-05
2.74625e+09,3.104843e-05
2.7475e+09,2.957641e-05
2.74875e+09,3.022967e-05
2.75e+09,2.960415e-05
2.75125e+09,2.956415e-05
2.7525e+09,2.909372e-05
2.75375e+09,2.938822e-05
2.755e+09,2.942374e-05
2.75625e+09,2.830568e-05
2.7575e+09,2.837289e-05
2.75875e+09,2.801235e-05
2.76e+09,2.811437e-05
2.76125e+09,2.848893e-05
2.7625e+09,2.806244e-05
2.76375e+09,2.690221e-05
2.765e+09,2.687067e-05
2.76625e+09,2.725527e-05
2.7675e+09,2.732335e-05
2.76875e+09,2.632989e-05
2.77e+09,2.697059e-05
2.77125e+09,2.658076e-05
2.7725e+09,2.568285e-05
2.77375e+09,2.555555e-05
2.775e+09,2.558691e-05
2.77625e+09,2.539575e-05
2.7775e+09,2.537925e-05
2.77875e+09,2.634222e-05
2.78e+09,2.465303e-05
2.78125e+09,2.483457e-05
2.7825e+09,2.517786e-05
2.78375e+09,2.433527e-05
2.785e+09,2.480340e-05
2.78625e+09,2.425881e-05
2.7875e+09,2.480305e-05
2.78875e+09,2.419681e-05
2.79e+09,2.443631e-05
2.79125e+09,2.437615e-05
2.7925e+09,2.363944e-05
2.79375e+09,2.315692e-05
2.795e+09,2.301397e-05
2.79625e+09,2.374400e-05
2.7975e+09,2.389834e-05
2.79875e+09,2.347329e-05
2.8e+09,2.352394e-05
2.80125e+09,2.350393e-05
2.8025e+09,2.301308e-05
2.80375e+09,2.204078e-05
2.805e+09,2.387687e-05
2.80625e+09,2.329277e-05
2.8075e+09,2.256064e-05
2.80875e+09,2.216060e-05
2.81e+09,2.167426e-05
2.81125e+09,2.109697e-05
2.8125e+09,2.180503e-05
2.81375e+09,2.101119e-05
2.815e+09,2.118763e-05
2.81625e+09,2.090233e-05
2.8175e+09,2.047938e-05
2.81875e+09,2.100369e-05
2.82e+09,2.122752e-05
2.82125e+09,2.022565e-05
2.8225e+09,2.118047e-05
2.82375e+09,2.072636e-05
2.825e+09,2.075839e-05
2.82625e+09,2.019629e-05
2.8275e+09,2.029819e-05
2.82875e+09,1.998480e-05
2.83e+09,1.989461e-05
2.83125e+09,2.023991e-05
2.8325e+09,1.942454e-05
2.83375e+09,1.946502e-05
2.835e+09,1.949050e-05
2.83625e+09,1.931849e-05
2.8375e+09,1.906670e-05
2.83875e+09,1.960727e-05
2.84e+09,1.838801e-05
2.84125e+09,1.896578e-05
2.8425e+09,1.906644e-05
2.84375e+09,1.900167e-05
2.845e+09,1.896711e-05
2.84625e+09,1.918739e-05
2.8475e+09,1.869921e-05
2.84875e+09,1.834461e-05
2.85e+09,1.803217e-05
2.85125e+09,1.817425e-05
2.8525e+09,1.801386e-05
2.85375e+09,1.891044e-05
2.855e+09,1.795549e-05
2.85625e+09,1.763176e-05
2.8575e+09,1.742533e-05
2.85875e+09,1.706623e-05
2.86e+09,1.699367e-05
2.86125e+09,1.785276e-05
2.8625e+09,1.661830e-05
2.86375e+09,1.735329e-05
2.865e+09,1.744575e-05
2.86625e+09,1.749789e-05
2.8675e+09,1.703631e-05
2.86875e+09,1.646493e-05
2.87e+09,1.648222e-05
2.87125e+09,1.764334e-05
2.8725e+09,1.699969e-05
2.87375e+09,1.683565e-05
2.875e+09,1.657104e-05
2.87625e+09,1.641219e-05
2.8775e+09,1.708335e-05
2.87875e+09,1.630469e-05
2.88e+09,1.601991e-05
2.88125e+09,1.580910e-05
2.8825e+09,1.598129e-05
2.88375e+09,1.570860e-05
2.885e+09,1.635666e-05
2.88625e+09,1.627367e-05
2.8875e+09,1.536862e-05
2.88875e+09,1.557245e-05
2.89e+09,1.581440e-05
2.89125e+09,1.569468e-05
2.8925e+09,1.595581e-05
2.89375e+09,1.487407e-05
2.895e+09,1.476553e-05
2.89625e+09,1.496185e-05
2.8975e+09,1.500442e-05
2.89875e+09,1.436577e-05
2.9e+09,1.568320e-05
2.90125e+09,1.519903e-05
2.9025e+09,1.645337e-05
2.90375e+09,1.443341e-05
2.905e+09,1.504774e-05
2.90625e+09,1.400605e-05
2.9075e+09,1.534019e-05
2.90875e+09,1.456970e-05
2.91e+09,1.442960e-05
2.91125e+09,1.383573e-05
2.9125e+09,1.435181e-05
2.91375e+09,1.359728e-05
2.915e+09,1.422705e-05
2.91625e+09,1.383326e-05
2.9175e+09,1.395310e-05
2.91875e+09,1.441357e-05
2.92e+09,1.349177e-05
2.92125e+09,1.455134e-05
2.9225e+09,1.410680e-05
2.92375e+09,1.303612e-05
2.925e+09,1.310078e-05
2.92625e+09,1.416781e-05
2.9275e+09,1.358160e-05
2.92875e+09,1.365824e-05
2.93e+09,1.316490e-05
2.93125e+09,1.292580e-05
2.9325e+09,1.355396e-05
2.93375e+09,1.263571e-05
2.935e+09,1.295765e-05
2.93625e+09,1.352642e-05
2.9375e+09,1.240025e-05
2.93875e+09,1.352639e-05
2.94e+09,1.332182e-05
2.94125e+09,1.283409e-05
2.9425e+09,1.282171e-05
2.94375e+09,1.232609e-05
2.945e+09,1.355025e-05
2.94625e+09,1.256738e-05
2.9475e+09,1.334759e-05
2.94875e+09,1.189232e-05
2.95e+09,1.185807e-05
2.95125e+09,1.229167e-05
2.9525e+09,1.227081e-05
2.95375e+09,1.263646e-05
2.955e+09,1.245649e-05
2.95625e+09,1.225678e-05
2.9575e+09,1.190642e-05
2.95875e+09,1.294270e-05
2.96e+09,1.212844e-05
2.96125e+09,1.197488e-05
2.9625e+09,1.225733e-05
2.96375e+09,1.181113e-05
2.965e+09,1.152713e-05
2.96625e+09,1.119969e-05
2.9675e+09,1.241218e-05
2.96875e+09,1.173164e-05
2.97e+09,1.236044e-05
2.97125e+09,1.191160e-05
2.9725e+09,1.089759e-05
2.97375e+09,1.146015e-05
2.975e+09,1.179121e-05
2.97625e+09,1.114019e-05
2.9775e+09,1.134672e-05
2.97875e+09,1.166638e-05
2.98e+09,1.090030e-05
2.98125e+09,1.076470e-05
2.9825e+09,1.201856e-05
2.98375e+09,1.078229e-05
2.985e+09,1.115826e-05
2.98625e+09,1.059837e-05
2.9875e+09,1.162429e-05
2.98875e+09,1.228290e-05
2.99e+09,1.203083e-05
2.99125e+09,1.042546e-05
2.9925e+09,1.131423e-05
2.99375e+09,1.068979e-05
2.995e+09,1.027479e-05
2.99625e+09,1.149211e-05
2.9975e+09,1.037042e-05
2.99875e+09,1.121548e-05
3e+09,1.072630e-05
3.00125e+09,1.146669e-05
3.0025e+09,1.036484e-05
3.00375e+09,1.072849e-05
3.005e+09,9.759405e-06
3.00625e+09,1.111914e-05
3.0075e+09,9.930052e-06
3.00875e+09,1.031984e-05
3.01e+09,1.133138e-05
3.01125e+09,1.117651e-05
3.0125e+09,9.507415e-06
3.01375e+09,1.012221e-05
3.015e+09,1.001853e-05
3.01625e+09,1.007861e-05
3.0175e+09,9.999210e-06
3.01875e+09,9.455560e-06
3.02e+09,9.917214e-06
3.02125e+09,1.009266e-05
3.0225e+09,1.008731e-05
3.02375e+09,9.475979e-06
3.025e+09,9.862073e-06
3.02625e+09,9.506682e-06
3.0275e+09,9.736417e-06
3.02875e+09,1.121847e-05
3.03e+09,9.758255e-06
3.03125e+09,9.195061e-06
3.0325e+09,9.358129e-06
3.03375e+09,9.700523e-06
3.035e+09,9.169086e-06
3.03625e+09,9.286554e-06
3.0375e+09,9.306335e-06
3.03875e+09,9.763510e-06
3.04e+09,9.363488e-06
3.04125e+09,1.045907e-05
3.0425e+09,8.891365e-06
3.04375e+09,1.107833e-05
3.045e+09,9.295744e-06
3.04625e+09,9.901990e-06
3.0475e+09,9.459599e-06
3.04875e+09,8.961759e-06
3.05e+09,9.006412e-06
3.05125e+09,9.378567e-06
3.0525e+09,9.310844e-06
3.05375e+09,9.855570e-06
3.055e+09,9.633641e-06
3.05625e+09,8.373961e-06
3.0575e+09,9.198963e-06
3.05875e+09,8.759822e-06
3.06e+09,8.637014e-06
3.06125e+09,8.581912e-06
3.0625e+09,8.587870e-06
3.06375e+09,8.373108e-06
3.065e+09,8.359942e-06
3.06625e+09,8.602694e-06
3.0675e+09,9.724857e-06
3.06875e+09,8.035200e-06
3.07e+09,9.506004e-06
3.07125e+09,8.654458e-06
3.0725e+09,8.729917e-06
3.07375e+09,8.619999e-06
3.075e+09,8.215380e-06
3.07625e+09,8.040546e-06
3.0775e+09,8.211808e-06
3.07875e+09,8.371532e-06
3.08e+09,8.708325e-06
3.08125e+09,7.896523e-06
3.0825e+09,8.749369e-06
3.08375e+09,8.284323e-06
3.085e+09,8.655788e-06
3.08625e+09,9.216305e-06
3.0875e+09,8.365401e-06
3.08875e+09,8.468584e-06
3.09e+09,8.713315e-06
3.09125e+09,7.714564e-06
3.0925e+09,9.367952e-06
3.09375e+09,8.648656e-06
3.095e+09,8.126957e-06
3.09625e+09,8.522296e-06
3.0975e+09,8.105654e-06
3.09875e+09,8.461182e-06
3.1e+09,7.861954e-06
3.10125e+09,7.806891e-06
3.1025e+09,8.919700e-06
3.10375e+09,9.026336e-06
3.105e+09,8.637238e-06
3.10625e+09,8.373269e-06
3.1075e+09,8.171966e-06
3.10875e+09,7.580888e-06
3.11e+09,7.569478e-06
3.11125e+09,8.065200e-06
3.1125e+09,8.136001e-06
3.11375e+09,7.612763e-06
3.115e+09,7.963179e-06
3.11625e+09,8.393670e-06
3.1175e+09,7.368291e-06
3.11875e+09,7.551817e-06
3.12e+09,6.959698e-06
3.12125e+09,7.236796e-06
3.1225e+09,7.184938e-06
3.12375e+09,7.727745e-06
3.125e+09,8.212283e-06
3.12625e+09,7.544618e-06
3.1275e+09,7.900884e-06
3.12875e+09,7.570570e-06
3.13e+09,7.360616e-06
3.13125e+09,8.589416e-06
3.1325e+09,7.006010e-06
3.13375e+09,7.698047e-06
3.135e+09,7.676839e-06
3.13625e+09,6.677024e-06
3.1375e+09,6.864759e-06
3.13875e+09,6.897829e-06
3.14e+09,7.034546e-06
3.14125e+09,7.509463e-06
3.1425e+09,8.363373e-06
3.14375e+09,7.074130e-06
3.145e+09,7.008675e-06
3.14625e+09,7.417019e-06
3.1475e+09,6.890045e-06
3.14875e+09,7.248822e-06
3.15e+09,7.215593e-06
3.15125e+09,6.509789e-06
3.1525e+09,7.657165e-06
3.15375e+09,6.358539e-06
3.155e+09,7.061649e-06
3.15625e+09,7.337014e-06
3.1575e+09,7.152478e-06
3.15875e+09,7.330489e-06
3.16e+09,6.698175e-06
3.16125e+09,6.678229e-06
3.1625e+09,7.007112e-06
3.16375e+09,7.822929e-06
3.165e+09,6.943887e-06
3.16625e+09,7.258494e-06
3.1675e+09,6.714386e-06
3.16875e+09,6.883814e-06
3.17e+09,6.805386e-06
3.17125e+09,6.593277e-06
3.1725e+09,6.990345e-06
3.17375e+09,6.054073e-06
3.175e+09,6.980275e-06
3.17625e+09,6.546103e-06
3.1775e+09,6.233149e-06
3.17875e+09,6.626391e-06
3.18e+09,6.288040e-06
3.18125e+09,6.111066e-06
3.1825e+09,6.415672e-06
3.18375e+09,6.121788e-06
3.185e+09,7.238117e-06
3.18625e+09,6.608116e-06
3.1875e+09,6.209667e-06
3.18875e+09,6.298749e-06
3.19e+09,5.818848e-06
3.19125e+09,6.265435e-06
3.1925e+09,6.117046e-06
3.19375e+09,6.740753e-06
3.195e+09,6.126673e-06
3.19625e+09,6.117122e-06
3.1975e+09,6.036252e-06
3.19875e+09,5.953257e-06
3.2e+09,6.752170e-06
3.20125e+09,6.117733e-06
3.2025e+09,6.872697e-06
3.20375e+09,6.524350e-06
3.205e+09,5.736992e-06
3.20625e+09,6.452291e-06
3.2075e+09,6.129417e-06
3.20875e+09,6.356093e-06
3.21e+09,7.346053e-06
3.21125e+09,6.104983e-06
3.2125e+09,5.587340e-06
3.21375e+09,6.041231e-06
3.215e+09,6.149814e-06
3.21625e+09,6.018848e-06
3.2175e+09,6.776854e-06
3.21875e+09,6.090760e-06
3.22e+09,5.451984e-06
3.22125e+09,5.886304e-06
3.2225e+09,5.388063e-06
3.22375e+09,5.401035e-06
3.225e+09,6.584228e-06
3.22625e+09,6.977002e-06
3.2275e+09,5.605732e-06
3.22875e+09,5.766943e-06
3.23e+09,5.804505e-06
3.23125e+09,7.545776e-06
3.2325e+09,6.523563e-06
3.23375e+09,6.313366e-06
3.235e+09,5.177082e-06
3.23625e+09,5.294738e-06
3.2375e+09,5.068343e-06
3.23875e+09,6.752227e-06
3.24e+09,6.343077e-06
3.24125e+09,5.985587e-06
3.2425e+09,6.129182e-06
3.24375e+09,5.475887e-06
3.245e+09,6.218560e-06
3.24625e+09,5.221396e-06
3.2475e+09,6.271887e-06
3.24875e+09,6.472237e-06
3.25e+09,5.787860e-06
3.25125e+09,4.962069e-06
3.2525e+09,6.283420e-06
3.25375e+09,6.347238e-06
3.255e+09,5.650618e-06
3.25625e+09,5.740401e-06
3.2575e+09,5.601411e-06
3.25875e+09,6.212936e-06
3.26e+09,6.360462e-06
3.26125e+09,5.962171e-06
3.2625e+09,5.440558e-06
3.26375e+09,6.617001e-06
3.265e+09,5.241357e-06
3.26625e+09,5.801862e-06
3.2675e+09,5.811367e-06
3.26875e+09,4.928600e-06
3.27e+09,5.846967e-06
3.27125e+09,5.302307e-06
3.2725e+09,5.173138e-06
3.27375e+09,5.718439e-06
3.275e+09,5.017993e-06
3.27625e+09,5.176180e-06
3.2775e+09,5.483303e-06
3.27875e+09,5.981009e-06
3.28e+09,5.628315e-06
3.28125e+09,6.032476e-06
3.2825e+09,5.296535e-06
3.28375e+09,4.965863e-06
3.285e+09,5.330977e-06
3.28625e+09,5.212124e-06
3.2875e+09,6.177871e-06
3.28875e+09,4.702151e-06
3.29e+09,5.452812e-06
3.29125e+09,4.859462e-06
3.2925e+09,5.547342e-06
3.29375e+09,5.830377e-06
3.295e+09,6.064830e-06
3.29625e+09,4.834611e-06
3.2975e+09,4.850156e-06
3.29875e+09,5.767059e-06
3.3e+09,4.899680e-06
3.30125e+09,6.207300e-06
3.3025e+09,4.734920e-06
3.30375e+09,5.486512e-06
3.305e+09,6.382279e-06
3.30625e+09,4.738938e-06
3.3075e+09,5.837375e-06
3.30875e+09,4.578915e-06
3.31e+09,4.756083e-06
3.31125e+09,5.077165e-06
3.3125e+09,5.372129e-06
3.31375e+09,4.518857e-06
3.315e+09,4.914327e-06
3.31625e+09,4.836613e-06
3.3175e+09,5.221164e-06
3.31875e+09,4.755029e-06
3.32e+09,5.021047e-06
3.32125e+09,5.698128e-06
3.3225e+09,5.502731e-06
3.32375e+09,4.682094e-06
3.325e+09,4.244247e-06
3.32625e+09,5.374342e-06
3.3275e+09,5.007576e-06
3.32875e+09,5.203471e-06
3.33e+09,4.852450e-06
3.33125e+09,4.750749e-06
3.3325e+09,4.719661e-06
3.33375e+09,5.347092e-06
3.335e+09,5.069863e-06
3.33625e+09,5.331668e-06
3.3375e+09,4.932995e-06
3.33875e+09,5.390572e-06
3.34e+09,4.513032e-06
3.34125e+09,4.672061e-06
3.3425e+09,4.387679e-06
3.34375e+09,4.413522e-06
3.345e+09,4.852907e-06
3.34625e+09,4.594556e-06
3.3475e+09,4.809546e-06
3.34875e+09,5.136655e-06
3.35e+09,4.789495e-06
3.35125e+09,4.178909e-06
3.3525e+09,4.488989e-06
3.35375e+09,5.750207e-06
3.355e+09,4.485907e-06
3.35625e+09,4.257278e-06
3.3575e+09,5.071753e-06
3.35875e+09,4.236758e-06
3.36e+09,4.342745e-06
3.36125e+09,4.160318e-06
3.3625e+09,4.460399e-06
3.36375e+09,5.675668e-06
3.365e+09,4.395956e-06
3.36625e+09,4.583242e-06
3.3675e+09,4.084406e-06
3.36875e+09,4.314749e-06
3.37e+09,4.661090e-06
3.37125e+09,4.301867e-06
3.3725e+09,3.759793e-06
3.37375e+09,4.713182e-06
3.375e+09,4.128224e-06
3.37625e+09,4.320971e-06
3.3775e+09,4.257565e-06
3.37875e+09,4.253300e-06
3.38e+09,4.701373e-06
3.38125e+09,5.324082e-06
3.3825e+09,4.279770e-06
3.38375e+09,4.635647e-06
3.385e+09,4.894089e-06
3.38625e+09,5.352514e-06
3.3875e+09,5.650355e-06
3.38875e+09,4.597086e-06
3.39e+09,5.122999e-06
3.39125e+09,4.508000e-06
3.3925e+09,4.262689e-06
3.39375e+09,4.474678e-06
3.395e+09,4.194818e-06
3.39625e+09,5.426448e-06
3.3975e+09,4.317338e-06
3.39875e+09,4.088269e-06
3.4e+09,4.002770e-06
3.40125e+09,4.634935e-06
3.4025e+09,5.004021e-06
3.40375e+09,3.838446e-06
3.405e+09,4.649681e-06
3.40625e+09,4.366187e-06
3.4075e+09,3.779076e-06
3.40875e+09,5.007720e-06
3.41e+09,4.238474e-06
3.41125e+09,4.003545e-06
3.4125e+09,4.635050e-06
3.41375e+09,4.504572e-06
3.415e+09,4.004569e-06
3.41625e+09,3.738395e-06
3.4175e+09,3.851487e-06
3.41875e+09,4.519392e-06
3.42e+09,3.500440e-06
3.42125e+09,5.800267e-06
3.4225e+09,4.189078e-06
3.42375e+09,4.740114e-06
3.425e+09,4.670816e-06
3.42625e+09,3.945310e-06
3.4275e+09,3.929087e-06
3.42875e+09,4.019377e-06
3.43e+09,4.268817e-06
3.43125e+09,3.944665e-06
3.4325e+09,4.179709e-06
3.43375e+09,4.074154e-06
3.435e+09,3.927138e-06
3.43625e+09,3.509665e-06
3.4375e+09,4.394810e-06
3.43875e+09,4.869612e-06
3.44e+09,4.356176e-06
3.44125e+09,4.299240e-06
3.4425e+09,4.076055e-06
3.44375e+09,3.468395e-06
3.445e+09,4.613484e-06
3.44625e+09,4.100958e-06
3.4475e+09,4.184519e-06
3.44875e+09,4.659507e-06
3.45e+09,4.843150e-06
3.45125e+09,3.905020e-06
3.4525e+09,3.892035e-06
3.45375e+09,3.310933e-06
3.455e+09,4.263770e-06
3.45625e+09,4.117049e-06
3.4575e+09,4.003491e-06
3.45875e+09,4.338865e-06
3.46e+09,5.038210e-06
3.46125e+09,3.520481e-06
3.4625e+09,3.900846e-06
3.46375e+09,4.272003e-06
3.465e+09,4.520538e-06
3.46625e+09,4.357447e-06
3.4675e+09,4.901598e-06
3.46875e+09,3.780718e-06
3.47e+09,3.784084e-06
3.47125e+09,4.204731e-06
3.4725e+09,3.547045e-06
3.47375e+09,3.466326e-06
3.475e+09,3.453107e-06
3.47625e+09,4.157778e-06
3.4775e+09,4.903888e-06
3.47875e+09,3.473034e-06
3.48e+09,4.401404e-06
3.48125e+09,3.641874e-06
3.4825e+09,3.544594e-06
3.48375e+09,3.745848e-06
3.485e+09,3.601491e-06
3.48625e+09,4.161078e-06
3.4875e+09,3.675002e-06
3.48875e+09,3.408812e-06
3.49e+09,4.378136e-06
3.49125e+09,3.761860e-06
3.4925e+09,3.502953e-06
3.49375e+09,3.829338e-06
3.495e+09,3.936441e-06
3.49625e+09,4.015532e-06
3.4975e+09,3.955097e-06
3.49875e+09,3.553900e-06
3.5e+09,4.385977e-06
3.50125e+09,3.394569e-06
3.5025e+09,3.580272e-06
3.50375e+09,4.128036e-06
3.505e+09,3.585675e-06
3.50625e+09,4.284930e-06
3.5075e+09,4.044420e-06
3.50875e+09,4.255254e-06
3.51e+09,3.316418e-06
3.51125e+09,3.964731e-06
3.5125e+09,3.180033e-06
3.51375e+09,3.545508e-06
3.515e+09,3.613691e-06
3.51625e+09,3.362195e-06
3.5175e+09,3.329833e-06
3.51875e+09,3.429537e-06
3.52e+09,2.965461e-06
3.52125e+09,3.518690e-06
3.5225e+09,2.935163e-06
3.52375e+09,3.320747e-06
3.525e+09,3.746326e-06
3.52625e+09,3.042737e-06
3.5275e+09,3.809328e-06
3.52875e+09,4.154393e-06
3.53e+09,4.010788e-06
3.53125e+09,3.523797e-06
3.5325e+09,3.946491e-06
3.53375e+09,3.710614e-06
3.535e+09,4.443726e-06
3.53625e+09,3.622420e-06
3.5375e+09,3.628686e-06
3.53875e+09,3.491125e-06
3.54e+09,3.876334e-06
3.54125e+09,3.429598e-06
3.5425e+09,3.680870e-06
3.54375e+09,3.890100e-06
3.545e+09,3.323271e-06
3.54625e+09,3.132949e-06
3.5475e+09,5.056286e-06
3.54875e+09,2.818901e-06
3.55e+09,3.463689e-06
3.55125e+09,3.966047e-06
3.5525e+09,3.249979e-06
3.55375e+09,3.962469e-06
3.555e+09,3.185675e-06
3.55625e+09,3.545908e-06
3.5575e+09,4.225282e-06
3.55875e+09,4.060830e-06
3.56e+09,3.935202e-06
3.56125e+09,3.276716e-06
3.5625e+09,4.256332e-06
3.56375e+09,3.266207e-06
3.565e+09,4.402978e-06
3.56625e+09,3.609705e-06
3.5675e+09,3.505680e-06
3.56875e+09,3.682952e-06
3.57e+09,3.422392e-06
3.57125e+09,3.365761e-06
3.5725e+09,2.896987e-06
3.57375e+09,3.418227e-06
3.575e+09,4.465881e-06
3.57625e+09,3.695519e-06
3.5775e+09,2.987270e-06
3.57875e+09,3.645944e-06
3.58e+09,2.656158e-06
3.58125e+09,3.469816e-06
3.5825e+09,3.345390e-06
3.58375e+09,3.198179e-06
3.585e+09,3.186798e-06
3.58625e+09,3.313962e-06
3.5875e+09,3.627107e-06
3.58875e+09,3.193181e-06
3.59e+09,3.255943e-06
3.59125e+09,2.927215e-06
3.5925e+09,3.393100e-06
3.59375e+09,2.803224e-06
3.595e+09,3.206888e-06
3.59625e+09,2.796849e-06
3.5975e+09,3.383524e-06
3.59875e+09,3.910487e-06
3.6e+09,4.069902e-06
3.60125e+09,2.600489e-06
3.6025e+09,2.945739e-06
3.60375e+09,2.857887e-06
3.605e+09,3.015263e-06
3.60625e+09,2.735901e-06
3.6075e+09,2.736594e-06
3.60875e+09,3.115207e-06
3.61e+09,4.601381e-06
3.61125e+09,2.978574e-06
3.6125e+09,3.748159e-06
3.61375e+09,3.524931e-06
3.615e+09,3.272542e-06
3.61625e+09,3.466655e-06
3.6175e+09,3.293835e-06
3.61875e+09,3.048407e-06
3.62e+09,3.303299e-06
3.62125e+09,2.945692e-06
3.6225e+09,2.848695e-06
3.62375e+09,3.666641e-06
3.625e+09,3.736932e-06
3.62625e+09,2.705757e-06
3.6275e+09,3.032066e-06
3.62875e+09,4.095111e-06
3.63e+09,2.818914e-06
3.63125e+09,3.040082e-06
3.6325e+09,3.166219e-06
3.63375e+09,2.732883e-06
3.635e+09,2.780377e-06
3.63625e+09,2.517399e-06
3.6375e+09,2.987208e-06
3.63875e+09,2.574973e-06
3.64e+09,3.637250e-06
3.64125e+09,3.366912e-06
3.6425e+09,2.966734e-06
3.64375e+09,3.018284e-06
3.645e+09,2.619752e-06
3.64625e+09,3.445270e-06
3.6475e+09,2.602338e-06
3.64875e+09,3.059864e-06
3.65e+09,2.771582e-06
3.65125e+09,3.247837e-06
3.6525e+09,3.544274e-06
3.65375e+09,3.066099e-06
3.655e+09,3.196303e-06
3.65625e+09,2.748205e-06
3.6575e+09,3.297328e-06
3.65875e+09,3.910951e-06
3.66e+09,3.061883e-06
3.66125e+09,2.940882e-06
3.6625e+09,4.097929e-06
3.66375e+09,3.570489e-06
3.665e+09,3.342843e-06
3.66625e+09,2.849905e-06
3.6675e+09,2.630288e-06
3.66875e+09,3.365866e-06
3.67e+09,3.225834e-06
3.67125e+09,3.115369e-06
3.6725e+09,2.619375e-06
3.67375e+09,2.972078e-06
3.675e+09,3.400931e-06
3.67625e+09,2.571237e-06
3.6775e+09,2.494423e-06
3.67875e+09,2.477300e-06
3.68e+09,3.513577e-06
3.68125e+09,2.709975e-06
3.6825e+09,2.603961e-06
3.68375e+09,4.209816e-06
3.685e+09,2.677270e-06
3.68625e+09,2.976913e-06
3.6875e+09,2.872274e-06
3.68875e+09,3.693800e-06
3.69e+09,3.550917e-06
3.69125e+09,2.779126e-06
3.6925e+09,2.421497e-06
3.69375e+09,2.902452e-06
3.695e+09,2.999780e-06
3.69625e+09,3.541981e-06
3.6975e+09,2.371574e-06
3.69875e+09,3.259021e-06
3.7e+09,3.035075e-06
3.70125e+09,3.360449e-06
3.7025e+09,2.821463e-06
3.70375e+09,3.352908e-06
3.705e+09,3.194763e-06
3.70625e+09,3.063722e-06
3.7075e+09,3.983481e-06
3.70875e+09,2.708983e-06
3.71e+09,3.183378e-06
3.71125e+09,3.071722e-06
3.7125e+09,3.289145e-06
3.71375e+09,2.725930e-06
3.715e+09,3.035456e-06
3.71625e+09,2.695947e-06
3.7175e+09,3.845380e-06
3.71875e+09,3.338633e-06
3.72e+09,3.501691e-06
3.72125e+09,3.242098e-06
3.7225e+09,2.137696e-06
3.72375e+09,2.465326e-06
3.725e+09,2.668322e-06
3.72625e+09,3.169619e-06
3.7275e+09,3.202791e-06
3.72875e+09,2.777583e-06
3.73e+09,3.133812e-06
3.73125e+09,3.063913e-06
3.7325e+09,2.747419e-06
3.73375e+09,2.577732e-06
3.735e+09,3.063461e-06
3.73625e+09,2.907487e-06
3.7375e+09,3.114382e-06
3.73875e+09,3.215997e-06
3.74e+09,2.625161e-06
3.74125e+09,3.182100e-06
3.7425e+09,2.841083e-06
3.74375e+09,2.272965e-06
3.745e+09,2.280444e-06
3.74625e+09,3.334115e-06
3.7475e+09,2.760163e-06
3.74875e+09,2.955900e-06
3.75e+09,3.941691e-06
3.75125e+09,2.728338e-06
3.7525e+09,3.004070e-06
3.75375e+09,2.381039e-06
3.755e+09,2.316124e-06
3.75625e+09,3.434144e-06
3.7575e+09,3.575864e-06
3.75875e+09,3.538915e-06
3.76e+09,2.533915e-06
3.76125e+09,2.729868e-06
3.7625e+09,2.584316e-06
3.76375e+09,2.919802e-06
3.765e+09,2.650885e-06
3.76625e+09,2.468233e-06
3.7675e+09,3.355887e-06
3.76875e+09,4.004110e-06
3.77e+09,2.762636e-06
3.77125e+09,2.517434e-06
3.7725e+09,2.128735e-06
3.77375e+09,2.915307e-06
3.775e+09,2.520684e-06
3.77625e+09,2.457033e-06
3.7775e+09,3.440409e-06
3.77875e+09,2.968670e-06
3.78e+09,3.203890e-06
3.78125e+09,3.424493e-06
3.7825e+09,2.909467e-06
3.78375e+09,2.506733e-06
3.785e+09,2.567379e-06
3.78625e+09,2.330565e-06
3.7875e+09,2.707624e-06
3.78875e+09,4.086225e-06
3.79e+09,3.322197e-06
3.79125e+09,3.138127e-06
3.7925e+09,2.427236e-06
3.79375e+09,3.069775e-06
3.795e+09,2.028284e-06
3.79625e+09,2.205812e-06
3.7975e+09,2.665211e-06
3.79875e+09,3.357220e-06
3.8e+09,2.220835e-06
3.80125e+09,2.483227e-06
3.8025e+09,2.133462e-06
3.80375e+09,2.187167e-06
3.805e+09,2.705150e-06
3.80625e+09,3.042107e-06
3.8075e+09,3.357084e-06
3.80875e+09,2.878362e-06
3.81e+09,2.450666e-06
3.81125e+09,2.803594e-06
3.8125e+09,2.792100e-06
3.81375e+09,2.893818e-06
3.815e+09,2.400367e-06
3.81625e+09,2.418761e-06
3.8175e+09,2.559620e-06
3.81875e+09,3.747061e-06
3.82e+09,1.958973e-06
3.82125e+09,2.445851e-06
3.8225e+09,2.243326e-06
3.82375e+09,1.984635e-06
3.825e+09,2.879596e-06
3.82625e+09,1.977664e-06
3.8275e+09,3.456619e-06
3.82875e+09,2.383422e-06
3.83e+09,2.247631e-06
3.83125e+09,2.694482e-06
3.8325e+09,2.655150e-06
3.83375e+09,1.930020e-06
3.835e+09,2.590407e-06
3.83625e+09,2.359639e-06
3.8375e+09,2.842656e-06
3.83875e+09,2.412615e-06
3.84e+09,2.735849e-06
3.84125e+09,2.443801e-06
3.8425e+09,1.969762e-06
3.84375e+09,3.277101e-06
3.845e+09,3.614182e-06
3.84625e+09,1.815511e-06
3.8475e+09,2.409574e-06
3.84875e+09,2.625344e-06
3.85e+09,2.819717e-06
3.85125e+09,2.698801e-06
3.8525e+09,2.446497e-06
3.85375e+09,2.348120e-06
3.855e+09,2.706286e-06
3.85625e+09,2.218485e-06
3.8575e+09,2.475466e-06
3.85875e+09,1.917233e-06
3.86e+09,2.446420e-06
3.86125e+09,2.576983e-06
3.8625e+09,2.398930e-06
3.86375e+09,2.162923e-06
3.865e+09,2.775511e-06
3.86625e+09,2.515350e-06
3.8675e+09,2.389242e-06
3.86875e+09,2.059177e-06
3.87e+09,3.372607e-06
3.87125e+09,3.010593e-06
3.8725e+09,2.416968e-06
3.87375e+09,2.465918e-06
3.875e+09,2.090043e-06
3.87625e+09,2.369016e-06
3.8775e+09,2.237589e-06
3.87875e+09,2.563244e-06
3.88e+09,2.133479e-06
3.88125e+09,2.082060e-06
3.8825e+09,2.416097e-06
3.88375e+09,2.895092e-06
3.885e+09,2.053896e-06
3.88625e+09,2.191611e-06
3.8875e+09,3.996495e-06
3.88875e+09,2.911864e-06
3.89e+09,2.315266e-06
3.89125e+09,2.676002e-06
3.8925e+09,2.960195e-06
3.89375e+09,2.444888e-06
3.895e+09,1.768873e-06
3.89625e+09,2.502056e-06
3.8975e+09,2.428692e-06
3.89875e+09,3.125732e-06
3.9e+09,3.152679e-06
3.90125e+09,2.118696e-06
3.9025e+09,2.523500e-06
3.90375e+09,2.469051e-06
3.905e+09,2.963466e-06
3.90625e+09,2.264330e-06
3.9075e+09,2.332437e-06
3.90875e+09,1.788373e-06
3.91e+09,1.892565e-06
3.91125e+09,2.440529e-06
3.9125e+09,1.941784e-06
3.91375e+09,1.927018e-06
3.915e+09,1.823914e-06
3.91625e+09,2.691043e-06
3.9175e+09,2.380500e-06
3.91875e+09,2.821171e-06
3.92e+09,2.075309e-06
3.92125e+09,1.826518e-06
3.9225e+09,2.293679e-06
3.92375e+09,2.489277e-06
3.925e+09,2.563032e-06
3.92625e+09,2.228664e-06
3.9275e+09,1.701768e-06
3.92875e+09,2.897657e-06
3.93e+09,3.130234e-06
3.93125e+09,2.097525e-06
3.9325e+09,1.873080e-06
3.93375e+09,1.925877e-06
3.935e+09,2.202878e-06
3.93625e+09,1.952844e-06
3.9375e+09,2.140023e-06
3.93875e+09,2.596950e-06
3.94e+09,1.659555e-06
3.94125e+09,2.898140e-06
3.9425e+09,3.176364e-06
3.94375e+09,3.243991e-06
3.945e+09,2.621385e-06
3.94625e+09,2.335507e-06
3.9475e+09,1.993958e-06
3.94875e+09,1.921338e-06
3.95e+09,2.194715e-06
3.95125e+09,2.358072e-06
3.9525e+09,2.099425e-06
3.95375e+09,2.881160e-06
3.955e+09,2.304337e-06
3.95625e+09,2.800843e-06
3.9575e+09,2.589206e-06
3.95875e+09,2.833779e-06
3.96e+09,2.080417e-06
3.96125e+09,1.944970e-06
3.9625e+09,1.897302e-06
3.96375e+09,2.492229e-06
3.965e+09,3.481554e-06
3.96625e+09,2.296671e-06
3.9675e+09,2.157490e-06
3.96875e+09,3.362723e-06
3.97e+09,2.364573e-06
3.97125e+09,2.112051e-06
3.9725e+09,2.316723e-06
3.97375e+09,2.658878e-06
3.975e+09,3.325457e-06
3.97625e+09,2.198214e-06
3.9775e+09,1.683544e-06
3.97875e+09,2.790557e-06
3.98e+09,3.192004e-06
3.98125e+09,2.712273e-06
3.9825e+09,2.547671e-06
3.98375e+09,2.091839e-06
3.985e+09,2.522554e-06
3.98625e+09,2.214586e-06
3.9875e+09,1.832999e-06
3.98875e+09,2.495644e-06
3.99e+09,1.845449e-06
3.99125e+09,3.251280e-06
3.9925e+09,2.286325e-06
3.99375e+09,2.879994e-06
3.995e+09,3.164612e-06
3.99625e+09,2.728017e-06
3.9975e+09,2.358381e-06
3.99875e+09,1.676697e-06
4e+09,2.056229e-06
4.00125e+09,2.533304e-06
4.0025e+09,1.766984e-06
4.00375e+09,1.823349e-06
4.005e+09,2.006454e-06
4.00625e+09,2.940113e-06
4.0075e+09,2.177115e-06
4.00875e+09,3.139838e-06
4.01e+09,1.977101e-06
4.01125e+09,1.815366e-06
4.0125e+09,1.833728e-06
4.01375e+09,2.847145e-06
4.015e+09,2.132139e-06
4.01625e+09,2.146601e-06
4.0175e+09,2.086221e-06
4.01875e+09,2.176525e-06
4.02e+09,2.396504e-06
4.02125e+09,2.796834e-06
4.0225e+09,2.087321e-06
4.02375e+09,2.683932e-06
4.025e+09,2.055485e-06
4.02625e+09,2.168877e-06
4.0275e+09,1.641742e-06
4.02875e+09,2.159562e-06
4.03e+09,2.167716e-06
4.03125e+09,2.567698e-06
4.0325e+09,2.226123e-06
4.03375e+09,2.217402e-06
4.035e+09,1.774646e-06
4.03625e+09,2.093461e-06
4.0375e+09,2.136925e-06
4.03875e+09,2.332132e-06
4.04e+09,2.831433e-06
4.04125e+09,3.030099e-06
4.0425e+09,1.476642e-06
4.04375e+09,2.262050e-06
4.045e+09,1.578134e-06
4.04625e+09,2.513871e-06
4.0475e+09,1.982661e-06
4.04875e+09,2.215097e-06
4.05e+09,2.155209e-06
4.05125e+09,1.881000e-06
4.0525e+09,1.957871e-06
4.05375e+09,2.356131e-06
4.055e+09,2.635706e-06
4.05625e+09,2.456330e-06
4.0575e+09,1.766211e-06
4.05875e+09,2.526185e-06
4.06e+09,2.023938e-06
4.06125e+09,1.824445e-06
4.0625e+09,2.083681e-06
4.06375e+09,3.051845e-06
4.065e+09,2.274325e-06
4.06625e+09,1.940830e-06
4.0675e+09,1.912308e-06
4.06875e+09,2.303900e-06
4.07e+09,3.740993e-06
4.07125e+09,2.390447e-06
4.0725e+09,2.036860e-06
4.07375e+09,2.242167e-06
4.075e+09,2.279364e-06
4.07625e+09,2.009763e-06
4.0775e+09,2.511439e-06
4.07875e+09,2.940217e-06
4.08e+09,2.688822e-06
4.08125e+09,2.065464e-06
4.0825e+09,1.996974e-06
4.08375e+09,1.505445e-06
4.085e+09,2.036132e-06
4.08625e+09,2.167730e-06
4.0875e+09,2.836364e-06
4.08875e+09,1.843345e-06
4.09e+09,2.521658e-06
4.09125e+09,1.601459e-06
4.0925e+09,2.335816e-06
4.09375e+09,1.806416e-06
4.095e+09,2.332079e-06
4.09625e+09,2.029262e-06
4.0975e+09,2.724676e-06
4.09875e+09,2.157966e-06
4.1e+09,2.127553e-06
4.10125e+09,2.950355e-06
4.1025e+09,2.492043e-06
4.10375e+09,2.453402e-06
4.105e+09,1.743586e-06
4.10625e+09,2.249041e-06
4.1075e+09,2.948935e-06
4.10875e+09,2.107780e-06
4.11e+09,1.813472e-06
4.11125e+09,2.737738e-06
4.1125e+09,1.804287e-06
4.11375e+09,1.897474e-06
4.115e+09,2.748747e-06
4.11625e+09,1.690922e-06
4.1175e+09,2.043507e-06
4.11875e+09,2.127933e-06
4.12e+09,2.536360e-06
4.12125e+09,2.444996e-06
4.1225e+09,3.257251e-06
4.12375e+09,2.410108e-06
4.125e+09,1.558472e-06
4.12625e+09,1.691432e-06
4.1275e+09,1.854665e-06
4.12875e+09,1.747821e-06
4.13e+09,1.395123e-06
4.13125e+09,1.967611e-06
4.1325e+09,2.289385e-06
4.13375e+09,1.821286e-06
4.135e+09,2.675931e-06
4.13625e+09,2.505972e-06
4.1375e+09,2.092348e-06
4.13875e+09,2.273288e-06
4.14e+09,1.815015e-06
4.14125e+09,1.878793e-06
4.1425e+09,2.946486e-06
4.14375e+09,2.975097e-06
4.145e+09,1.999806e-06
4.14625e+09,2.570756e-06
4.1475e+09,2.067884e-06
4.14875e+09,2.036686e-06
4.15e+09,2.062110e-06
4.15125e+09,2.378577e-06
4.1525e+09,2.761520e-06
4.15375e+09,2.141312e-06
4.155e+09,1.592638e-06
4.15625e+09,2.131629e-06
4.1575e+09,2.253417e-06
4.15875e+09,2.124312e-06
4.16e+09,2.853797e-06
4.16125e+09,2.089635e-06
4.1625e+09,2.192893e-06
4.16375e+09,2.365001e-06
4.165e+09,1.625831e-06
4.16625e+09,2.418747e-06
4.1675e+09,1.516477e-06
4.16875e+09,1.734768e-06
4.17e+09,2.116113e-06
4.17125e+09,1.729214e-06
4.1725e+09,2.713351e-06
4.17375e+09,1.648321e-06
4.175e+09,1.471878e-06
4.17625e+09,2.643300e-06
4.1775e+09,2.817105e-06
4.17875e+09,2.243446e-06
4.18e+09,1.880041e-06
4.18125e+09,2.684094e-06
4.1825e+09,1.795628e-06
4.18375e+09,1.599290e-06
4.185e+09,1.400718e-06
4.18625e+09,1.926841e-06
4.1875e+09,2.353694e-06
4.18875e+09,2.421633e-06
4.19e+09,1.837793e-06
4.19125e+09,1.451895e-06
4.1925e+09,2.683469e-06
4.19375e+09,1.670686e-06
4.195e+09,1.885725e-06
4.19625e+09,2.615690e-06
4.1975e+09,2.130038e-06
4.19875e+09,2.199400e-06
4.2e+09,1.452594e-06
4.20125e+09,3.146495e-06
4.2025e+09,2.302954e-06
4.20375e+09,1.670379e-06
4.205e+09,2.702132e-06
4.20625e+09,1.764532e-06
4.2075e+09,2.671926e-06
4.20875e+09,1.777496e-06
4.21e+09,2.946846e-06
4.21125e+09,1.799714e-06
4.2125e+09,2.817805e-06
4.21375e+09,2.403672e-06
4.215e+09,1.840491e-06
4.21625e+09,2.512346e-06
4.2175e+09,1.763224e-06
4.21875e+09,1.720478e-06
4.22e+09,2.618068e-06
4.22125e+09,2.326941e-06
4.2225e+09,1.922925e-06
4.22375e+09,1.608053e-06
4.225e+09,1.986032e-06
4.22625e+09,2.068034e-06
4.2275e+09,1.969419e-06
4.22875e+09,1.438629e-06
4.23e+09,1.469197e-06
4.23125e+09,2.650229e-06
4.2325e+09,1.977301e-06
4.23375e+09,1.924805e-06
4.235e+09,1.550624e-06
4.23625e+09,2.367023e-06
4.2375e+09,1.951235e-06
4.23875e+09,2.606101e-06
4.24e+09,2.795997e-06
4.24125e+09,2.376887e-06
4.2425e+09,2.218276e-06
4.24375e+09,3.103869e-06
4.245e+09,2.424518e-06
4.24625e+09,1.472769e-06
4.2475e+09,2.413515e-06
4.24875e+09,2.890944e-06
4.25e+09,1.882260e-06
4.25125e+09,1.933456e-06
4.2525e+09,3.330264e-06
4.25375e+09,1.601497e-06
4.255e+09,1.452957e-06
4.25625e+09,1.721710e-06
4.2575e+09,1.791267e-06
4.25875e+09,1.729543e-06
4.26e+09,2.443962e-06
4.26125e+09,1.598646e-06
4.2625e+09,2.196232e-06
4.26375e+09,2.229126e-06
4.265e+09,2.510675e-06
4.26625e+09,1.980108e-06
4.2675e+09,2.235862e-06
4.26875e+09,2.542598e-06
4.27e+09,2.823081e-06
4.27125e+09,2.283724e-06
4.2725e+09,2.091532e-06
4.27375e+09,1.896613e-06
4.275e+09,1.775553e-06
4.27625e+09,2.514921e-06
4.2775e+09,1.759801e-06
4.27875e+09,2.009902e-06
4.28e+09,1.603602e-06
4.28125e+09,2.036272e-06
4.2825e+09,1.852947e-06
4.28375e+09,1.801686e-06
4.285e+09,2.056959e-06
4.28625e+09,1.412348e-06
4.2875e+09,3.000724e-06
4.28875e+09,1.772698e-06
4.29e+09,1.345926e-06
4.29125e+09,1.670772e-06
4.2925e+09,2.190062e-06
4.29375e+09,2.164515e-06
4.295e+09,1.680416e-06
4.29625e+09,2.349769e-06
4.2975e+09,2.351048e-06
4.29875e+09,1.965351e-06
4.3e+09,2.061055e-06
4.30125e+09,1.492525e-06
4.3025e+09,1.538643e-06
4.30375e+09,1.806277e-06
4.305e+09,2.541615e-06
4.30625e+09,2.305568e-06
4.3075e+09,1.648774e-06
4.30875e+09,3.032748e-06
4.31e+09,2.338858e-06
4.31125e+09,2.099465e-06
4.3125e+09,1.784579e-06
4.31375e+09,1.782367e-06
4.315e+09,2.172284e-06
4.31625e+09,2.026275e-06
4.3175e+09,1.978687e-06
4.31875e+09,2.057781e-06
4.32e+09,2.078250e-06
4.32125e+09,1.719131e-06
4.3225e+09,2.150332e-06
4.32375e+09,1.984932e-06
4.325e+09,2.726757e-06
4.32625e+09,1.647288e-06
4.3275e+09,2.638437e-06
4.32875e+09,1.591081e-06
4.33e+09,1.989035e-06
4.33125e+09,1.929287e-06
4.3325e+09,2.143360e-06
4.33375e+09,1.535508e-06
4.335e+09,1.712137e-06
4.33625e+09,2.536913e-06
4.3375e+09,1.261256e-06
4.33875e+09,2.465659e-06
4.34e+09,1.494475e-06
4.34125e+09,2.282816e-06
4.3425e+09,2.125764e-06
4.34375e+09,2.246060e-06
4.345e+09,1.560300e-06
4.34625e+09,1.671071e-06
4.3475e+09,1.750976e-06
4.34875e+09,2.133269e-06
4.35e+09,2.002080e-06
4.35125e+09,1.462546e-06
4.3525e+09,1.978943e-06
4.35375e+09,2.165457e-06
4.355e+09,2.222578e-06
4.35625e+09,1.570153e-06
4.3575e+09,2.065211e-06
4.35875e+09,2.176736e-06
4.36e+09,2.180874e-06
4.36125e+09,1.591727e-06
4.3625e+09,2.214710e-06
4.36375e+09,2.474054e-06
4.365e+09,2.116187e-06
4.36625e+09,1.965567e-06
4.3675e+09,1.860044e-06
4.36875e+09,2.211898e-06
4.37e+09,2.427366e-06
4.37125e+09,2.442831e-06
4.3725e+09,2.746724e-06
4.37375e+09,1.481560e-06
4.375e+09,1.878468e-06
4.37625e+09,2.406497e-06
4.3775e+09,3.643180e-06
4.37875e+09,1.447177e-06
4.38e+09,1.543246e-06
4.38125e+09,1.745652e-06
4.3825e+09,1.746553e-06
4.38375e+09,2.392598e-06
4.385e+09,1.897231e-06
4.38625e+09,1.225842e-06
4.3875e+09,1.681589e-06
4.38875e+09,2.050882e-06
4.39e+09,1.877579e-06
4.39125e+09,2.126681e-06
4.3925e+09,1.890965e-06
4.39375e+09,1.534849e-06
4.395e+09,2.306729e-06
4.39625e+09,1.658625e-06
4.3975e+09,2.315177e-06
4.39875e+09,2.328988e-06
4.4e+09,1.792208e-06
4.40125e+09,2.109487e-06
4.4025e+09,1.739022e-06
4.40375e+09,2.906972e-06
4.405e+09,1.673774e-06
4.40625e+09,1.963423e-06
4.4075e+09,2.245862e-06
4.40875e+09,1.696339e-06
4.41e+09,2.125417e-06
4.41125e+09,1.767975e-06
4.4125e+09,2.076894e-06
4.41375e+09,1.429843e-06
4.415e+09,1.571541e-06
4.41625e+09,1.530928e-06
4.4175e+09,2.080914e-06
4.41875e+09,2.432657e-06
4.42e+09,1.642967e-06
4.42125e+09,2.520180e-06
4.4225e+09,2.570103e-06
4.42375e+09,1.855026e-06
4.425e+09,1.402314e-06
4.42625e+09,2.068571e-06
4.4275e+09,1.517445e-06
4.42875e+09,1.398402e-06
4.43e+09,2.043390e-06
4.43125e+09,1.277432e-06
4.4325e+09,2.151988e-06
4.43375e+09,2.392590e-06
4.435e+09,2.537615e-06
4.43625e+09,2.430973e-06
4.4375e+09,2.254150e-06
4.43875e+09,2.433133e-06
4.44e+09,2.048431e-06
4.44125e+09,2.134660e-06
4.4425e+09,1.641989e-06
4.44375e+09,1.689760e-06
4.445e+09,1.973318e-06
4.44625e+09,1.976562e-06
4.4475e+09,2.230419e-06
4.44875e+09,1.590355e-06
4.45e+09,2.284504e-06
4.45125e+09,2.631907e-06
4.4525e+09,2.024549e-06
4.45375e+09,2.150811e-06
4.455e+09,2.121795e-06
4.45625e+09,2.400872e-06
4.4575e+09,1.482997e-06
4.45875e+09,1.630172e-06
4.46e+09,1.559010e-06
4.46125e+09,1.944731e-06
4.4625e+09,1.734131e-06
4.46375e+09,1.736913e-06
4.465e+09,1.817887e-06
4.46625e+09,2.702890e-06
4.4675e+09,2.011430e-06
4.46875e+09,2.161042e-06
4.47e+09,2.841677e-06
4.47125e+09,1.886783e-06
4.4725e+09,1.706127e-06
4.47375e+09,1.749090e-06
4.475e+09,2.026102e-06
4.47625e+09,2.189143e-06
4.4775e+09,2.497378e-06
4.47875e+09,2.066892e-06
4.48e+09,2.581427e-06
4.48125e+09,1.753643e-06
4.4825e+09,2.344415e-06
4.48375e+09,2.061702e-06
4.485e+09,1.672933e-06
4.48625e+09,1.470946e-06
4.4875e+09,2.435390e-06
4.48875e+09,1.968663e-06
4.49e+09,2.172749e-06
4.49125e+09,2.386173e-06
4.4925e+09,1.870938e-06
4.49375e+09,1.546893e-06
4.495e+09,2.725112e-06
4.49625e+09,3.070735e-06
4.4975e+09,1.338785e-06
4.49875e+09,1.696184e-06
4.5e+09,1.864569e-06
4.50125e+09,1.637465e-06
4.5025e+09,3.167971e-06
4.50375e+09,1.801058e-06
4.505e+09,1.818056e-06
4.50625e+09,2.462763e-06
4.5075e+09,2.410214e-06
4.50875e+09,2.276725e-06
4.51e+09,1.760262e-06
4.51125e+09,1.462503e-06
4.5125e+09,2.148333e-06
4.51375e+09,2.775146e-06
4.515e+09,2.335738e-06
4.51625e+09,3.122552e-06
4.5175e+09,2.435040e-06
4.51875e+09,2.168426e-06
4.52e+09,1.688480e-06
4.52125e+09,1.982116e-06
4.5225e+09,1.979946e-06
4.52375e+09,3.007426e-06
4.525e+09,2.283583e-06
4.52625e+09,1.799860e-06
4.5275e+09,4.123632e-06
4.52875e+09,1.772976e-06
4.53e+09,1.701677e-06
4.53125e+09,2.067187e-06
4.5325e+09,2.303898e-06
4.53375e+09,2.161786e-06
4.535e+09,2.598267e-06
4.53625e+09,2.518077e-06
4.5375e+09,2.271386e-06
4.53875e+09,2.202552e-06
4.54e+09,2.627262e-06
4.54125e+09,1.886493e-06
4.5425e+09,2.143400e-06
4.54375e+09,2.512958e-06
4.545e+09,2.464207e-06
4.54625e+09,3.727607e-06
4.5475e+09,2.098776e-06
4.54875e+09,2.307235e-06
4.55e+09,2.832097e-06
4.55125e+09,2.197752e-06
4.5525e+09,2.271388e-06
4.55375e+09,2.416257e-06
4.555e+09,2.663953e-06
4.55625e+09,2.281701e-06
4.5575e+09,1.883218e-06
4.55875e+09,2.634567e-06
4.56e+09,2.388926e-06
4.56125e+09,2.296252e-06
4.5625e+09,2.588596e-06
4.56375e+09,2.089178e-06
4.565e+09,2.738648e-06
4.56625e+09,2.380938e-06
4.5675e+09,2.417411e-06
4.56875e+09,2.640767e-06
4.57e+09,1.870428e-06
4.57125e+09,1.938351e-06
4.5725e+09,2.328833e-06
4.57375e+09,3.022938e-06
4.575e+09,2.137136e-06
4.57625e+09,2.038711e-06
4.5775e+09,3.090155e-06
4.57875e+09,2.483228e-06
4.58e+09,2.241357e-06
4.58125e+09,3.424685e-06
4.5825e+09,2.509480e-06
4.58375e+09,2.355903e-06
4.585e+09,2.510004e-06
4.58625e+09,3.190960e-06
4.5875e+09,2.624367e-06
4.58875e+09,2.969635e-06
4.59e+09,2.500544e-06
4.59125e+09,2.633688e-06
4.5925e+09,2.446668e-06
4.59375e+09,3.204999e-06
4.595e+09,2.780061e-06
4.59625e+09,1.989101e-06
4.5975e+09,2.757877e-06
4.59875e+09,2.409812e-06
4.6e+09,3.580301e-06
4.60125e+09,2.797238e-06
4.6025e+09,2.690070e-06
4.60375e+09,2.911108e-06
4.605e+09,2.755448e-06
4.60625e+09,3.321277e-06
4.6075e+09,2.341645e-06
4.60875e+09,2.446840e-06
4.61e+09,3.559153e-06
4.61125e+09,3.246454e-06
4.6125e+09,2.532309e-06
4.61375e+09,2.979574e-06
4.615e+09,2.286004e-06
4.61625e+09,3.384760e-06
4.6175e+09,3.223492e-06
4.61875e+09,3.384547e-06
4.62e+09,3.118436e-06
4.62125e+09,3.198837e-06
4.6225e+09,3.095606e-06
4.62375e+09,2.742336e-06
4.625e+09,2.483174e-06
4.62625e+09,3.072939e-06
4.6275e+09,2.570176e-06
4.62875e+09,3.058168e-06
4.63e+09,3.197694e-06
4.63125e+09,3.508807e-06
4.6325e+09,3.510791e-06
4.63375e+09,2.956200e-06
4.635e+09,3.203615e-06
4.63625e+09,4.027144e-06
4.6375e+09,3.783099e-06
4.63875e+09,3.129122e-06
4.64e+09,3.652549e-06
4.64125e+09,3.410190e-06
4.6425e+09,3.465863e-06
4.64375e+09,2.932575e-06
4.645e+09,4.103185e-06
4.64625e+09,3.793296e-06
4.6475e+09,3.449942e-06
4.64875e+09,3.898255e-06
4.65e+09,3.567191e-06
4.65125e+09,3.236039e-06
4.6525e+09,3.087719e-06
4.65375e+09,3.260403e-06
4.655e+09,3.343896e-06
4.65625e+09,3.529094e-06
4.6575e+09,3.427806e-06
4.65875e+09,4.831981e-06
4.66e+09,3.185198e-06
4.66125e+09,3.459519e-06
4.6625e+09,4.338268e-06
4.66375e+09,3.209047e-06
4.665e+09,5.029356e-06
4.66625e+09,3.368282e-06
4.6675e+09,3.534747e-06
4.66875e+09,4.451417e-06
4.67e+09,4.550908e-06
4.67125e+09,4.050279e-06
4.6725e+09,3.859942e-06
4.67375e+09,3.723425e-06
4.675e+09,4.219567e-06
4.67625e+09,4.529340e-06
4.6775e+09,4.025391e-06
4.67875e+09,4.753969e-06
4.68e+09,4.723131e-06
4.68125e+09,4.485119e-06
4.6825e+09,5.501390e-06
4.68375e+09,5.157819e-06
4.685e+09,5.330050e-06
4.68625e+09,5.650528e-06
4.6875e+09,4.651839e-06
4.68875e+09,4.742764e-06
4.69e+09,4.802816e-06
4.69125e+09,5.263553e-06
4.6925e+09,4.902105e-06
4.69375e+09,5.230919e-06
4.695e+09,5.274914e-06
4.69625e+09,5.379824e-06
4.6975e+09,5.249348e-06
4.69875e+09,5.871926e-06
4.7e+09,6.136018e-06
4.70125e+09,6.337759e-06
4.7025e+09,5.613328e-06
4.70375e+09,6.795746e-06
4.705e+09,5.858303e-06
4.70625e+09,7.482208e-06
4.7075e+09,6.783954e-06
4.70875e+09,6.580080e-06
4.71e+09,7.372820e-06
4.71125e+09,7.925821e-06
4.7125e+09,7.179386e-06
4.71375e+09,8.345037e-06
4.715e+09,8.835645e-06
4.71625e+09,7.732836e-06
4.7175e+09,7.944528e-06
4.71875e+09,8.203211e-06
4.72e+09,8.087299e-06
4.72125e+09,8.476715e-06
4.7225e+09,9.667960e-06
4.72375e+09,8.933745e-06
4.725e+09,8.914103e-06
4.72625e+09,9.381869e-06
4.7275e+09,1.004109e-05
4.72875e+09,1.006588e-05
4.73e+09,1.003652e-05
4.73125e+09,1.087163e-05
4.7325e+09,1.097447e-05
4.73375e+09,1.116374e-05
4.735e+09,1.144130e-05
4.73625e+09,1.226275e-05
4.7375e+09,1.377020e-05
4.73875e+09,1.369614e-05
4.74e+09,1.405412e-05
4.74125e+09,1.487545e-05
4.7425e+09,1.518575e-05
4.74375e+09,1.491557e-05
4.745e+09,1.657836e-05
4.74625e+09,1.713790e-05
4.7475e+09,1.754200e-05
4.74875e+09,1.835278e-05
4.75e+09,1.968774e-05
4.75125e+09,1.996725e-05
4.7525e+09,2.138244e-05
4.75375e+09,2.245237e-05
4.755e+09,2.296443e-05
4.75625e+09,2.545332e-05
4.7575e+09,2.571120e-05
4.75875e+09,2.677365e-05
4.76e+09,2.897884e-05
4.76125e+09,3.043872e-05
4.7625e+09,3.337902e-05
4.76375e+09,3.486872e-05
4.765e+09,3.721078e-05
4.76625e+09,4.004272e-05
4.7675e+09,4.319494e-05
4.76875e+09,4.806175e-05
4.77e+09,4.983230e-05
4.77125e+09,5.488780e-05
4.7725e+09,6.034339e-05
4.77375e+09,6.546325e-05
4.775e+09,7.187870e-05
4.77625e+09,7.907022e-05
4.7775e+09,8.905051e-05
4.77875e+09,9.821195e-05
4.78e+09,1.108984e-04
4.78125e+09,1.261018e-04
4.7825e+09,1.443923e-04
4.78375e+09,1.660399e-04
4.785e+09,1.944917e-04
4.78625e+09,2.305744e-04
4.7875e+09,2.786370e-04
4.78875e+09,3.419399e-04
4.79e+09,4.286430e-04
4.79125e+09,5.539571e-04
4.7925e+09,7.424449e-04
4.79375e+09,1.040608e-03
4.795e+09,1.553000e-03
4.79625e+09,2.518921e-03
4.7975e+09,4.533982e-03
4.79875e+09,8.717056e-03
4.8e+09,1.259067e-02
4.80125e+09,8.716601e-03
4.8025e+09,4.532970e-03
4.80375e+09,2.519590e-03
4.805e+09,1.553940e-03
4.80625e+09,1.040428e-03
4.8075e+09,7.416003e-04
4.80875e+09,5.556477e-04
4.81e+09,4.301236e-04
4.81125e+09,3.428662e-04
4.8125e+09,2.788125e-04
4.81375e+09,2.317433e-04
4.815e+09,1.950580e-04
4.81625e+09,1.666409e-04
4.8175e+09,1.439234e-04
4.81875e+09,1.262170e-04
4.82e+09,1.126272e-04
4.82125e+09,9.847346e-05
4.8225e+09,8.831323e-05
4.82375e+09,7.967587e-05
4.825e+09,7.158225e-05
4.82625e+09,6.467760e-05
4.8275e+09,5.928766e-05
4.82875e+09,5.473472e-05
4.83e+09,5.059591e-05
4.83125e+09,4.620224e-05
4.8325e+09,4.285818e-05
4.83375e+09,4.030852e-05
4.835e+09,3.787804e-05
4.83625e+09,3.457904e-05
4.8375e+09,3.220851e-05
4.83875e+09,3.029450e-05
4.84e+09,2.881539e-05
4.84125e+09,2.747303e-05
4.8425e+09,2.658464e-05
4.84375e+09,2.474571e-05
4.845e+09,2.315158e-05
4.84625e+09,2.156390e-05
4.8475e+09,2.076791e-05
4.84875e+09,2.019457e-05
4.85e+09,1.976768e-05
4.85125e+09,1.774464e-05
4.8525e+09,1.853859e-05
4.85375e+09,1.736538e-05
4.855e+09,1.596863e-05
4.85625e+09,1.626128e-05
4.8575e+09,1.487613e-05
4.85875e+09,1.520511e-05
4.86e+09,1.318511e-05
4.86125e+09,1.289480e-05
4.8625e+09,1.274904e-05
4.86375e+09,1.220471e-05
4.865e+09,1.158678e-05
4.86625e+09,1.163153e-05
4.8675e+09,1.166091e-05
4.86875e+09,1.113482e-05
4.87e+09,1.050395e-05
4.87125e+09,9.913622e-06
4.8725e+09,1.021655e-05
4.87375e+09,9.632788e-06
4.875e+09,9.283687e-06
4.87625e+09,8.429935e-06
4.8775e+09,8.609213e-06
4.87875e+09,8.235556e-06
4.88e+09,8.724216e-06
4.88125e+09,8.631079e-06
4.8825e+09,8.767308e-06
4.88375e+09,8.111254e-06
4.885e+09,7.508523e-06
4.88625e+09,6.739728e-06
4.8875e+09,6.952929e-06
4.88875e+09,7.664846e-06
4.89e+09,8.804428e-06
4.89125e+09,6.326768e-06
4.8925e+09,7.160488e-06
4.89375e+09,6.093581e-06
4.895e+09,6.398507e-06
4.89625e+09,6.045483e-06
4.8975e+09,5.914496e-06
4.89875e+09,5.924933e-06
4.9e+09,5.818307e-06
4.90125e+09,5.661429e-06
4.9025e+09,6.152040e-06
4.90375e+09,6.066075e-06
4.905e+09,5.005634e-06
4.90625e+09,5.327027e-06
4.9075e+09,4.768353e-06
4.90875e+09,5.212088e-06
4.91e+09,5.492265e-06
4.91125e+09,4.564682e-06
4.9125e+09,4.498745e-06
4.91375e+09,4.896316e-06
4.915e+09,4.337070e-06
4.91625e+09,4.651320e-06
4.9175e+09,5.032211e-06
4.91875e+09,4.408731e-06
4.92e+09,4.679846e-06
4.92125e+09,4.236688e-06
4.9225e+09,3.786838e-06
4.92375e+09,4.571396e-06
4.925e+09,4.170087e-06
4.92625e+09,4.508937e-06
4.9275e+09,4.166590e-06
4.92875e+09,4.092703e-06
4.93e+09,4.368229e-06
4.93125e+09,4.098013e-06
4.9325e+09,3.481943e-06
4.93375e+09,4.320114e-06
4.935e+09,3.501851e-06
4.93625e+09,3.080428e-06
4.9375e+09,3.010843e-06
4.93875e+09,3.447913e-06
4.94e+09,3.681114e-06
4.94125e+09,3.409025e-06
4.9425e+09,3.146852e-06
4.94375e+09,3.951053e-06
4.945e+09,3.314166e-06
4.94625e+09,3.339225e-06
4.9475e+09,3.693133e-06
4.94875e+09,3.385425e-06
4.95e+09,3.932247e-06
4.95125e+09,3.680977e-06
4.9525e+09,3.930313e-06
4.95375e+09,3.850604e-06
4.955e+09,3.013927e-06
4.95625e+09,2.919996e-06
4.9575e+09,3.560008e-06
4.95875e+09,3.236042e-06
4.96e+09,2.583255e-06
4.96125e+09,2.831066e-06
4.9625e+09,3.344986e-06
4.96375e+09,2.834385e-06
4.965e+09,2.594526e-06
4.96625e+09,2.819382e-06
4.9675e+09,3.250554e-06
4.96875e+09,3.472585e-06
4.97e+09,3.073400e-06
4.97125e+09,2.224682e-06
4.9725e+09,3.219241e-06
4.97375e+09,3.025383e-06
4.975e+09,3.060367e-06
4.97625e+09,2.216860e-06
4.9775e+09,2.591543e-06
4.97875e+09,3.524897e-06
4.98e+09,3.188679e-06
4.98125e+09,2.543313e-06
4.9825e+09,2.386317e-06
4.98375e+09,2.424286e-06
4.985e+09,2.304330e-06
4.98625e+09,2.466353e-06
4.9875e+09,3.339759e-06
4.98875e+09,2.746201e-06
4.99e+09,3.429174e-06
4.99125e+09,1.963549e-06
4.9925e+09,2.682197e-06
4.99375e+09,2.099661e-06
4.995e+09,2.595119e-06
4.99625e+09,2.761804e-06
4.9975e+09,3.003491e-06
4.99875e+09,2.545065e-06
5e+09,2.559937e-06
